time,band,bandset,e_fluxdensity,e_magnitude,fluxdensity,magnitude,system,telescope,source,u_fluxdensity,u_time,upperlimit
58585.5,,,,,,18.3,,,"4,6",,MJD,
58604.3801033441,w,,,0.026721,,19.1075,,Pan-STARRS1,"2,3,4",,MJD,
58604.3921598252,w,,,0.0290863,,19.156,,Pan-STARRS1,"2,3,4",,MJD,
58604.4042440816,w,,,0.032164,,19.1208,,Pan-STARRS1,"2,3,4",,MJD,
58604.4164128419,w,,,0.0332943,,19.1552,,Pan-STARRS1,"2,3,4",,MJD,
58612.3046925395,w,,,0.0524107,,19.4006,,Pan-STARRS1,"2,3,4",,MJD,
58612.3150520762,w,,,0.054168,,19.3722,,Pan-STARRS1,"2,3,4",,MJD,
58612.3253990127,w,,,0.0356486,,19.2897,,Pan-STARRS1,"2,3,4",,MJD,
58612.3357239723,w,,,0.0288651,,19.2779,,Pan-STARRS1,"2,3,4",,MJD,
