time,band,bandset,e_fluxdensity,e_magnitude,fluxdensity,magnitude,system,telescope,source,u_fluxdensity,u_time,upperlimit
57282.5,,,,,,15.7,,,"2,7",,MJD,
57297.4860002651,i,,,0.00753605,,16.2891,,Pan-STARRS1,"2,5",,MJD,
57297.4993300409,i,,,0.0076434,,16.2693,,Pan-STARRS1,"2,5",,MJD,
57297.5126512317,i,,,0.00859546,,16.2564,,Pan-STARRS1,"2,5",,MJD,
57297.5259618275,i,,,0.00995036,,16.2907,,Pan-STARRS1,"2,5",,MJD,
57298.4742934568,i,,,0.00990844,,16.399,,Pan-STARRS1,"2,5",,MJD,
57298.4871826283,i,,,0.012613,,16.4057,,Pan-STARRS1,"2,5",,MJD,
57298.5000585233,i,,,0.0115147,,16.4439,,Pan-STARRS1,"2,5",,MJD,
57298.5129129338,i,,,0.00868116,,16.3487,,Pan-STARRS1,"2,5",,MJD,
