time,band,bandset,e_fluxdensity,e_magnitude,fluxdensity,magnitude,system,telescope,source,u_fluxdensity,u_time,upperlimit
58597.2505315347,w,,,0.130984,,20.8332,,Pan-STARRS1,2,,MJD,
58597.2623662945,w,,,0.087195,,21.132,,Pan-STARRS1,2,,MJD,
58597.2741872971,w,,,0.0514198,,20.7785,,Pan-STARRS1,2,,MJD,
58597.2860470467,w,,,0.0517753,,20.9677,,Pan-STARRS1,2,,MJD,
58598.2604055641,w,,,0.0757871,,20.8407,,Pan-STARRS1,2,,MJD,
58598.2723341518,w,,,0.111257,,20.9459,,Pan-STARRS1,2,,MJD,
58598.28423602,w,,,0.0724488,,20.9993,,Pan-STARRS1,2,,MJD,
58598.2961691617,w,,,0.0769329,,20.8643,,Pan-STARRS1,2,,MJD,
