time,band,bandset,e_fluxdensity,e_magnitude,fluxdensity,magnitude,system,telescope,source,u_fluxdensity,u_time,upperlimit
58506.2506920532,i,,,0.0334943,,19.0358,,Pan-STARRS1,2,,MJD,
58506.2506920532,i,,,0.0365923,,19.0674,,Pan-STARRS1,2,,MJD,
58506.2628726318,i,,,0.0546641,,19.0336,,Pan-STARRS1,2,,MJD,
58506.2628726318,i,,,0.0595781,,19.0392,,Pan-STARRS1,2,,MJD,
58506.2749746816,i,,,0.0789054,,19.0371,,Pan-STARRS1,2,,MJD,
58506.2749746816,i,,,0.0752586,,19.0393,,Pan-STARRS1,2,,MJD,
58506.2871261606,i,,,0.0612693,,19.0157,,Pan-STARRS1,2,,MJD,
58506.2871261606,i,,,0.0660863,,19.0185,,Pan-STARRS1,2,,MJD,
