time,band,bandset,e_fluxdensity,e_magnitude,fluxdensity,magnitude,system,telescope,source,u_fluxdensity,u_time,upperlimit
58607.5,,,,,,19.4,,,"1,3",,MJD,
58611.5937577402,w,,,0.0279932,,19.7924,,Pan-STARRS1,2,,MJD,
58611.59843282,w,,,0.0325179,,19.8082,,Pan-STARRS1,2,,MJD,
58611.6032442054,w,,,0.0294214,,19.7527,,Pan-STARRS1,2,,MJD,
58611.6079616756,w,,,0.0296941,,19.7727,,Pan-STARRS1,2,,MJD,
58664.5128869228,w,,,0.0808402,,21.4876,,Pan-STARRS1,2,,MJD,
58664.5252272644,w,,,0.106103,,21.5694,,Pan-STARRS1,2,,MJD,
58664.5375720551,w,,,0.0970964,,21.4806,,Pan-STARRS1,2,,MJD,
58664.5499337438,w,,,0.100256,,21.4254,,Pan-STARRS1,2,,MJD,
