time,band,bandset,e_fluxdensity,e_magnitude,fluxdensity,magnitude,system,telescope,source,u_fluxdensity,u_time,upperlimit
58662.3476235663,w,,,0.1381,,21.1893,,Pan-STARRS1,2,,MJD,
58662.3587287254,w,,,0.118837,,21.1889,,Pan-STARRS1,2,,MJD,
58662.3698531655,w,,,0.120283,,21.1136,,Pan-STARRS1,2,,MJD,
58662.3809342723,w,,,0.084995,,21.1072,,Pan-STARRS1,2,,MJD,
58668.4094259311,w,,,0.188952,,21.3745,,Pan-STARRS1,2,,MJD,
58668.4212288358,w,,,0.170589,,21.1463,,Pan-STARRS1,2,,MJD,
58668.4330206892,w,,,0.26153,,21.3745,,Pan-STARRS1,2,,MJD,
58668.4448063014,w,,,0.177499,,21.1426,,Pan-STARRS1,2,,MJD,
