time,band,bandset,e_fluxdensity,e_magnitude,fluxdensity,magnitude,system,telescope,source,u_fluxdensity,u_time,upperlimit
58635.5636937123,w,,,0.0500061,,21.0766,,Pan-STARRS1,2,,MJD,
58635.575017937,w,,,0.0492273,,21.0363,,Pan-STARRS1,2,,MJD,
58635.5863627428,w,,,0.0444949,,20.9472,,Pan-STARRS1,2,,MJD,
58635.5977239302,w,,,0.0497304,,21.0568,,Pan-STARRS1,2,,MJD,
58636.5482662963,w,,,0.0474499,,21.0405,,Pan-STARRS1,2,,MJD,
58636.5593603543,w,,,0.0485116,,21.0408,,Pan-STARRS1,2,,MJD,
58636.5704647126,w,,,0.0482664,,21.1109,,Pan-STARRS1,2,,MJD,
58636.581671976,w,,,0.0756279,,21.0447,,Pan-STARRS1,2,,MJD,
