time,band,bandset,e_fluxdensity,e_magnitude,fluxdensity,magnitude,system,telescope,source,u_fluxdensity,u_time,upperlimit
58610.2581447299,w,,,0.0968849,,21.6615,,Pan-STARRS1,2,,MJD,
58610.2581447299,w,,,0.10398,,21.6717,,Pan-STARRS1,2,,MJD,
58610.2701027781,w,,,0.0949031,,21.7651,,Pan-STARRS1,2,,MJD,
58610.2701027781,w,,,0.095444,,21.8459,,Pan-STARRS1,2,,MJD,
58610.2820908562,w,,,0.0788379,,21.7127,,Pan-STARRS1,2,,MJD,
58610.2820908562,w,,,0.0813978,,21.7129,,Pan-STARRS1,2,,MJD,
58610.2940792735,w,,,0.100193,,21.7261,,Pan-STARRS1,2,,MJD,
58610.2940792735,w,,,0.0988769,,21.7524,,Pan-STARRS1,2,,MJD,
