time,band,bandset,e_fluxdensity,e_magnitude,fluxdensity,magnitude,system,telescope,source,u_fluxdensity,u_time,upperlimit
58643.4032894969,i,,,0.116263,,20.8604,,Pan-STARRS1,2,,MJD,
58643.412513635,i,,,0.0991481,,20.69,,Pan-STARRS1,2,,MJD,
58643.4216610454,i,,,0.112548,,20.8657,,Pan-STARRS1,2,,MJD,
58643.4307772809,i,,,0.133513,,20.945,,Pan-STARRS1,2,,MJD,
58648.4263518266,i,,,0.215316,,21.1401,,Pan-STARRS1,2,,MJD,
58648.4360734457,i,,,0.221365,,20.865,,Pan-STARRS1,2,,MJD,
58648.43801826,i,,,0.252753,,20.8669,,Pan-STARRS1,2,,MJD,
58654.4756073868,i,,,0.34379,,21.1538,,Pan-STARRS1,2,,MJD,
58657.4245161433,i,,,0.266058,,21.3328,,Pan-STARRS1,2,,MJD,
