time,band,bandset,e_fluxdensity,e_magnitude,fluxdensity,magnitude,system,telescope,source,u_fluxdensity,u_time,upperlimit
58581.5,,,,,,20.7,,,"1,3",,MJD,
58582.5805399363,w,,,0.130164,,20.6934,,Pan-STARRS1,2,,MJD,
58582.5859375955,w,,,0.171592,,20.8571,,Pan-STARRS1,2,,MJD,
58582.591300257,w,,,0.138961,,20.657,,Pan-STARRS1,2,,MJD,
58582.5966654853,w,,,0.132293,,20.7482,,Pan-STARRS1,2,,MJD,
58614.3003121284,i,,,0.170534,,21.2424,,Pan-STARRS1,2,,MJD,
58614.3113032113,i,,,0.155277,,21.4885,,Pan-STARRS1,2,,MJD,
58614.3222863022,i,,,0.169775,,21.6813,,Pan-STARRS1,2,,MJD,
58614.3332821499,i,,,0.146499,,21.5237,,Pan-STARRS1,2,,MJD,
