time,band,bandset,e_fluxdensity,e_magnitude,fluxdensity,magnitude,system,telescope,source,u_fluxdensity,u_time,upperlimit
58597.3014599369,w,,,0.178383,,21.4812,,Pan-STARRS1,2,,MJD,
58597.3132058595,w,,,0.0913313,,21.205,,Pan-STARRS1,2,,MJD,
58597.3249164057,w,,,0.104855,,21.2484,,Pan-STARRS1,2,,MJD,
58597.3366665155,w,,,0.137242,,21.3028,,Pan-STARRS1,2,,MJD,
58610.2642080077,w,,,0.141903,,21.8348,,Pan-STARRS1,2,,MJD,
58610.2761823152,w,,,0.112237,,21.7792,,Pan-STARRS1,2,,MJD,
58610.288146272,w,,,0.115101,,21.8075,,Pan-STARRS1,2,,MJD,
58631.2932797057,w,,,0.242912,,22.2454,,Pan-STARRS1,2,,MJD,
58631.3039831314,w,,,0.193806,,22.2734,,Pan-STARRS1,2,,MJD,
