time,band,bandset,e_fluxdensity,e_magnitude,fluxdensity,magnitude,system,telescope,source,u_fluxdensity,u_time,upperlimit
58658.5,,,,,,19.5,,,"2,3",,MJD,
58666.3077403669,w,,,0.0335626,,19.5575,,Pan-STARRS1,1,,MJD,
58666.3077403669,w,,,0.0335969,,19.5914,,Pan-STARRS1,1,,MJD,
58666.3193932154,w,,,0.0304597,,19.5551,,Pan-STARRS1,1,,MJD,
58666.3193932154,w,,,0.0297568,,19.586,,Pan-STARRS1,1,,MJD,
58666.331085607,w,,,0.0347556,,19.5191,,Pan-STARRS1,1,,MJD,
58666.331085607,w,,,0.0332855,,19.5472,,Pan-STARRS1,1,,MJD,
58666.3428314956,w,,,0.042371,,19.5349,,Pan-STARRS1,1,,MJD,
58666.3428314956,w,,,0.0425953,,19.5432,,Pan-STARRS1,1,,MJD,
