time,band,bandset,e_fluxdensity,e_magnitude,fluxdensity,magnitude,system,telescope,source,u_fluxdensity,u_time,upperlimit
58485.5,,,,,,19.5,,,"2,3",,MJD,
58494.5719151794,w,,,0.0183229,,18.8787,,Pan-STARRS1,1,,MJD,
58494.584163834,w,,,0.0170484,,18.8916,,Pan-STARRS1,1,,MJD,
58494.5966605088,w,,,0.019535,,18.8989,,Pan-STARRS1,1,,MJD,
58494.6088998798,w,,,0.0178438,,18.9321,,Pan-STARRS1,1,,MJD,
58618.3098866464,i,,,0.141625,,21.0201,,Pan-STARRS1,1,,MJD,
58618.3189925379,i,,,0.180277,,21.1523,,Pan-STARRS1,1,,MJD,
58618.3280678769,i,,,0.16537,,21.2164,,Pan-STARRS1,1,,MJD,
58624.3183565717,i,,,0.225704,,21.1798,,Pan-STARRS1,1,,MJD,
