time,band,bandset,e_fluxdensity,e_magnitude,fluxdensity,magnitude,system,telescope,source,u_fluxdensity,u_time,upperlimit
58521.5,,,,,,20.4,,,"1,3",,MJD,
58522.6079334578,w,,,0.0898179,,20.3945,,Pan-STARRS1,2,,MJD,
58522.6079334578,w,,,0.0985535,,20.3974,,Pan-STARRS1,2,,MJD,
58522.6193917813,w,,,0.0941854,,20.4341,,Pan-STARRS1,2,,MJD,
58522.6193917813,w,,,0.10117,,20.4458,,Pan-STARRS1,2,,MJD,
58522.6308818326,w,,,0.104796,,20.4487,,Pan-STARRS1,2,,MJD,
58522.6308818326,w,,,0.0984127,,20.4507,,Pan-STARRS1,2,,MJD,
58522.642380257,w,,,0.104374,,20.4712,,Pan-STARRS1,2,,MJD,
58522.642380257,w,,,0.11177,,20.4844,,Pan-STARRS1,2,,MJD,
