time,band,bandset,e_fluxdensity,e_magnitude,fluxdensity,magnitude,system,telescope,source,u_fluxdensity,u_time,upperlimit
58491.4736193693,w,,,0.0614221,,20.7561,,Pan-STARRS1,2,,MJD,
58491.4866038128,w,,,0.0699997,,20.8046,,Pan-STARRS1,2,,MJD,
58491.4995898758,w,,,0.05708,,20.7012,,Pan-STARRS1,2,,MJD,
58491.5126322488,w,,,0.0681286,,20.7455,,Pan-STARRS1,2,,MJD,
58493.4948766334,w,,,0.0553831,,20.7523,,Pan-STARRS1,2,,MJD,
58493.5052253207,w,,,0.0561339,,20.858,,Pan-STARRS1,2,,MJD,
58493.5155783002,w,,,0.0619214,,20.8115,,Pan-STARRS1,2,,MJD,
58493.5259998593,w,,,0.045546,,20.814,,Pan-STARRS1,2,,MJD,
