time,band,bandset,e_fluxdensity,e_magnitude,fluxdensity,magnitude,system,telescope,source,u_fluxdensity,u_time,upperlimit
58436.5,,,,,,19.4,,,"1,3",,MJD,
58519.4949162337,w,,,0.0345427,,19.4338,,Pan-STARRS1,2,,MJD,
58519.5073446635,w,,,0.0311181,,19.4358,,Pan-STARRS1,2,,MJD,
58519.5198119654,w,,,0.0239337,,19.4068,,Pan-STARRS1,2,,MJD,
58519.5323490836,w,,,0.0282227,,19.4332,,Pan-STARRS1,2,,MJD,
58630.3401754545,w,,,0.0185316,,19.7273,,Pan-STARRS1,2,,MJD,
58630.3519839841,w,,,0.0178165,,19.7362,,Pan-STARRS1,2,,MJD,
58630.3637938108,w,,,0.0194817,,19.7478,,Pan-STARRS1,2,,MJD,
58630.3756642463,w,,,0.0227587,,19.7717,,Pan-STARRS1,2,,MJD,
