time,band,bandset,e_fluxdensity,e_magnitude,fluxdensity,magnitude,system,telescope,source,u_fluxdensity,u_time,upperlimit
58438.5,,,,,,19.4,,,"2,3",,MJD,
58486.5765443859,w,,,0.0752928,,21.3151,,Pan-STARRS1,1,,MJD,
58486.5883912914,w,,,0.0667832,,21.3589,,Pan-STARRS1,1,,MJD,
58486.6001428651,w,,,0.0816971,,21.1685,,Pan-STARRS1,1,,MJD,
58486.611891218,w,,,0.0848993,,21.3643,,Pan-STARRS1,1,,MJD,
58493.4433460976,w,,,0.0917155,,21.4169,,Pan-STARRS1,1,,MJD,
58493.4551874534,w,,,0.087929,,21.5482,,Pan-STARRS1,1,,MJD,
58493.4670022129,w,,,0.120798,,21.6761,,Pan-STARRS1,1,,MJD,
58493.4788099257,w,,,0.137055,,21.6233,,Pan-STARRS1,1,,MJD,
