time,band,bandset,e_fluxdensity,e_magnitude,fluxdensity,magnitude,system,telescope,source,u_fluxdensity,u_time,upperlimit
58486.6310069583,w,,,0.0166677,,19.3683,,Pan-STARRS1,2,,MJD,
58486.6402140437,w,,,0.0198284,,19.3925,,Pan-STARRS1,2,,MJD,
58486.6494247847,w,,,0.0167461,,19.3716,,Pan-STARRS1,2,,MJD,
58486.6586210397,w,,,0.0228359,,19.4402,,Pan-STARRS1,2,,MJD,
58491.5813263948,w,,,0.0218609,,19.464,,Pan-STARRS1,2,,MJD,
58491.59318928,w,,,0.0305811,,19.4645,,Pan-STARRS1,2,,MJD,
58491.6050273981,w,,,0.0277607,,19.4393,,Pan-STARRS1,2,,MJD,
58491.6168772223,w,,,0.0250257,,19.4203,,Pan-STARRS1,2,,MJD,
