time,band,bandset,e_fluxdensity,e_magnitude,fluxdensity,magnitude,system,telescope,source,u_fluxdensity,u_time,upperlimit
58434.4641,r,,,,,20,,P48,2,,MJD,True
58434.5109144,g,,,0.31048,,20.5642,,P48,2,,MJD,
58437.369838,r,,,0.204796,,20.0327,,P48,2,,MJD,
58437.4657986,g,,,0.221245,,20.0601,,P48,2,,MJD,
58440.5133796,r,,,0.155681,,19.6595,,P48,2,,MJD,
58443.446088,r,,,0.136548,,19.6612,,P48,2,,MJD,
58443.5121991,g,,,0.145656,,19.5695,,P48,2,,MJD,
58447.5067014,r,,,0.168178,,19.4268,,P48,2,,MJD,
