time,band,bandset,e_fluxdensity,e_magnitude,fluxdensity,magnitude,system,telescope,source,u_fluxdensity,u_time,upperlimit
58643.5,,,,,,19.7,,,"2,3",,MJD,
58671.5584003553,w,,,0.0602286,,20.1327,,Pan-STARRS1,1,,MJD,
58671.5584003553,w,,,0.053346,,20.1595,,Pan-STARRS1,1,,MJD,
58671.5703512803,w,,,0.0933613,,20.1234,,Pan-STARRS1,1,,MJD,
58671.5703512803,w,,,0.106505,,20.288,,Pan-STARRS1,1,,MJD,
58671.5822982575,w,,,0.0855182,,20.1751,,Pan-STARRS1,1,,MJD,
58671.5822982575,w,,,0.0897307,,20.2671,,Pan-STARRS1,1,,MJD,
58671.594250001,w,,,0.0815931,,20.1269,,Pan-STARRS1,1,,MJD,
58671.594250001,w,,,0.0914897,,20.2096,,Pan-STARRS1,1,,MJD,
