time,band,bandset,e_fluxdensity,e_magnitude,fluxdensity,magnitude,system,telescope,source,u_fluxdensity,u_time,upperlimit
58469.5,,,,,,19.5,,,"1,3",,MJD,
58470.5940559017,w,,,0.0411302,,19.5652,,Pan-STARRS1,2,,MJD,
58470.6052296389,w,,,0.0334327,,19.5514,,Pan-STARRS1,2,,MJD,
58470.6164022187,w,,,0.0347769,,19.5946,,Pan-STARRS1,2,,MJD,
58470.6276208154,w,,,0.0300057,,19.5136,,Pan-STARRS1,2,,MJD,
58494.5202121629,w,,,0.0530549,,20.4381,,Pan-STARRS1,2,,MJD,
58494.5313654932,w,,,0.0549821,,20.4259,,Pan-STARRS1,2,,MJD,
58494.5425329273,w,,,0.0669787,,20.5206,,Pan-STARRS1,2,,MJD,
58494.5537110805,w,,,0.0501513,,20.4564,,Pan-STARRS1,2,,MJD,
