time,band,bandset,e_fluxdensity,e_magnitude,fluxdensity,magnitude,system,telescope,source,u_fluxdensity,u_time,upperlimit
58597.2955578662,w,,,0.0847641,,21.4228,,Pan-STARRS1,2,,MJD,
58597.3073058347,w,,,0.0939183,,21.2624,,Pan-STARRS1,2,,MJD,
58597.3190289667,w,,,0.0682137,,21.4118,,Pan-STARRS1,2,,MJD,
58597.3307757076,w,,,0.0935933,,21.3824,,Pan-STARRS1,2,,MJD,
58598.2550798311,w,,,0.286914,,21.5546,,Pan-STARRS1,2,,MJD,
58598.2670242462,w,,,0.102728,,21.3242,,Pan-STARRS1,2,,MJD,
58598.2789405054,w,,,0.108721,,21.3902,,Pan-STARRS1,2,,MJD,
58598.2908491009,w,,,0.223406,,21.5278,,Pan-STARRS1,2,,MJD,
