time,band,bandset,e_fluxdensity,e_magnitude,fluxdensity,magnitude,system,telescope,source,u_fluxdensity,u_time,upperlimit
58506.3487657245,i,,,0.126147,,20.0124,,Pan-STARRS1,2,,MJD,
58506.3621398866,i,,,0.194472,,19.9608,,Pan-STARRS1,2,,MJD,
58506.3754327772,i,,,0.141137,,20.0374,,Pan-STARRS1,2,,MJD,
58506.3886991587,i,,,0.225533,,20.2214,,Pan-STARRS1,2,,MJD,
58518.304655291,w,,,0.09824,,20.3835,,Pan-STARRS1,2,,MJD,
58518.3183341068,w,,,0.0916612,,20.3884,,Pan-STARRS1,2,,MJD,
58518.33208301,w,,,0.105951,,20.3961,,Pan-STARRS1,2,,MJD,
58518.345799732,w,,,0.118288,,20.4816,,Pan-STARRS1,2,,MJD,
