time,band,bandset,e_fluxdensity,e_magnitude,fluxdensity,magnitude,system,telescope,source,u_fluxdensity,u_time,upperlimit
58641.5741715981,w,,,0.189914,,21.4275,,Pan-STARRS1,2,,MJD,
58641.5793166831,w,,,0.195785,,21.6122,,Pan-STARRS1,2,,MJD,
58641.584464096,w,,,0.179496,,21.7663,,Pan-STARRS1,2,,MJD,
58641.5896237249,w,,,0.141662,,21.3917,,Pan-STARRS1,2,,MJD,
58644.5811898926,w,,,0.106779,,21.5684,,Pan-STARRS1,2,,MJD,
58644.5866225026,w,,,0.115329,,21.5056,,Pan-STARRS1,2,,MJD,
58644.592065495,w,,,0.108157,,21.4539,,Pan-STARRS1,2,,MJD,
58644.5974811274,w,,,0.104964,,21.4218,,Pan-STARRS1,2,,MJD,
