time,band,bandset,e_fluxdensity,e_magnitude,fluxdensity,magnitude,system,telescope,source,u_fluxdensity,u_time,upperlimit
58519.3869027133,w,,,0.169782,,21.4895,,Pan-STARRS1,2,,MJD,
58519.3869027133,w,,,0.173515,,21.5379,,Pan-STARRS1,2,,MJD,
58519.3986776822,w,,,0.215569,,21.5465,,Pan-STARRS1,2,,MJD,
58519.3986776822,w,,,0.217678,,21.6298,,Pan-STARRS1,2,,MJD,
58519.4104129653,w,,,0.218274,,21.5135,,Pan-STARRS1,2,,MJD,
58519.4104129653,w,,,0.214412,,21.5498,,Pan-STARRS1,2,,MJD,
58519.4222221073,w,,,0.192271,,21.5739,,Pan-STARRS1,2,,MJD,
58519.4222221073,w,,,0.189178,,21.607,,Pan-STARRS1,2,,MJD,
