time,band,bandset,e_fluxdensity,e_magnitude,fluxdensity,magnitude,system,telescope,source,u_fluxdensity,u_time,upperlimit
58496.5,,,,,,21.9,,,"1,3",,MJD,
58497.5899015316,w,,,0.106434,,21.8336,,Pan-STARRS1,2,,MJD,
58497.5899015316,w,,,0.105015,,21.8452,,Pan-STARRS1,2,,MJD,
58497.6035314134,w,,,0.133325,,21.8532,,Pan-STARRS1,2,,MJD,
58497.6035314134,w,,,0.141912,,21.9042,,Pan-STARRS1,2,,MJD,
58497.617163879,w,,,0.133334,,21.9069,,Pan-STARRS1,2,,MJD,
58497.617163879,w,,,0.137035,,21.9276,,Pan-STARRS1,2,,MJD,
58497.6307791063,w,,,0.121193,,21.8823,,Pan-STARRS1,2,,MJD,
58497.6307791063,w,,,0.121012,,21.8874,,Pan-STARRS1,2,,MJD,
