time,band,bandset,e_fluxdensity,e_magnitude,fluxdensity,magnitude,system,telescope,source,u_fluxdensity,u_time,upperlimit
58610.4568461487,w,,,0.0609667,,21.2264,,Pan-STARRS1,2,,MJD,
58610.4691810029,w,,,0.0640142,,21.221,,Pan-STARRS1,2,,MJD,
58610.4814788568,w,,,0.0726789,,21.2121,,Pan-STARRS1,2,,MJD,
58610.4938108017,w,,,0.0667037,,21.322,,Pan-STARRS1,2,,MJD,
58636.4955515205,w,,,0.0777474,,21.1288,,Pan-STARRS1,2,,MJD,
58644.5359130087,w,,,0.062741,,21.1359,,Pan-STARRS1,2,,MJD,
58644.5475696791,w,,,0.0623104,,21.1218,,Pan-STARRS1,2,,MJD,
58644.5592259626,w,,,0.0640868,,20.9965,,Pan-STARRS1,2,,MJD,
58644.5708578811,w,,,0.0737852,,21.0482,,Pan-STARRS1,2,,MJD,
