time,band,bandset,e_fluxdensity,e_magnitude,fluxdensity,magnitude,system,telescope,source,u_fluxdensity,u_time,upperlimit
58183.4963266797,i,,,0.0664165,,19.644,,Pan-STARRS1,2,,MJD,
58183.5093704611,i,,,0.0595618,,19.559,,Pan-STARRS1,2,,MJD,
58183.5224315473,i,,,0.0750534,,19.5662,,Pan-STARRS1,2,,MJD,
58183.5354218179,i,,,0.0729448,,19.6487,,Pan-STARRS1,2,,MJD,
58184.491307682,i,,,0.0581369,,19.4365,,Pan-STARRS1,2,,MJD,
58184.504223778,i,,,0.0650383,,19.518,,Pan-STARRS1,2,,MJD,
58184.5171445394,i,,,0.0558592,,19.4626,,Pan-STARRS1,2,,MJD,
58184.5300549617,i,,,0.0612297,,19.384,,Pan-STARRS1,2,,MJD,
58187.5,,,,,,18.5,,,"3,4",,MJD,
