time,band,bandset,e_fluxdensity,e_magnitude,fluxdensity,magnitude,system,telescope,source,u_fluxdensity,u_time,upperlimit
58490.5,,,,,,21.4,,,"1,3",,MJD,
58491.6275685118,w,,,0.10523,,21.3672,,Pan-STARRS1,2,,MJD,
58491.6275685118,w,,,0.11445,,21.3766,,Pan-STARRS1,2,,MJD,
58491.6380205575,w,,,0.148475,,21.3884,,Pan-STARRS1,2,,MJD,
58491.6380205575,w,,,0.154942,,21.4536,,Pan-STARRS1,2,,MJD,
58491.6484715263,w,,,0.141352,,21.3576,,Pan-STARRS1,2,,MJD,
58491.6484715263,w,,,0.142289,,21.4016,,Pan-STARRS1,2,,MJD,
58491.6589139706,w,,,0.164124,,21.6286,,Pan-STARRS1,2,,MJD,
58491.6589139706,w,,,0.171145,,21.7018,,Pan-STARRS1,2,,MJD,
