time,band,bandset,e_fluxdensity,e_magnitude,fluxdensity,magnitude,system,telescope,source,u_fluxdensity,u_time,upperlimit
58538.5,,,,,,19.3,,,"2,3",,MJD,
58611.2585365392,w,,,0.0397238,,20.2964,,Pan-STARRS1,1,,MJD,
58611.2701137128,w,,,0.0531755,,20.313,,Pan-STARRS1,1,,MJD,
58611.2817451214,w,,,0.0590625,,20.3292,,Pan-STARRS1,1,,MJD,
58611.2933871197,w,,,0.0579482,,20.3247,,Pan-STARRS1,1,,MJD,
58614.2559243216,i,,,0.0881888,,19.9319,,Pan-STARRS1,1,,MJD,
58614.2662868742,i,,,0.106767,,20.0729,,Pan-STARRS1,1,,MJD,
58614.2766706352,i,,,0.122251,,20.0631,,Pan-STARRS1,1,,MJD,
58614.2870741286,i,,,0.0937168,,20.1047,,Pan-STARRS1,1,,MJD,
