time,band,bandset,e_fluxdensity,e_magnitude,fluxdensity,magnitude,system,telescope,source,u_fluxdensity,u_time,upperlimit
58661.5,,,,,,20.7,,,"1,3",,MJD,
58662.5225153337,w,,,0.204246,,20.6649,,Pan-STARRS1,2,,MJD,
58662.5341583822,w,,,0.0782251,,20.6478,,Pan-STARRS1,2,,MJD,
58662.5457915292,w,,,0.0561844,,20.6946,,Pan-STARRS1,2,,MJD,
58662.5574161382,w,,,0.0872783,,20.6691,,Pan-STARRS1,2,,MJD,
58671.5139581786,w,,,0.121589,,20.7793,,Pan-STARRS1,2,,MJD,
58671.5249955236,w,,,0.102015,,20.6642,,Pan-STARRS1,2,,MJD,
58671.5360581293,w,,,0.0987427,,20.6859,,Pan-STARRS1,2,,MJD,
58671.5470944252,w,,,0.0729288,,20.6797,,Pan-STARRS1,2,,MJD,
