time,band,bandset,e_fluxdensity,e_magnitude,fluxdensity,magnitude,system,telescope,source,u_fluxdensity,u_time,upperlimit
58492.4855588545,w,,,0.109144,,21.8977,,Pan-STARRS1,2,,MJD,
58492.4991781659,w,,,0.119191,,21.8552,,Pan-STARRS1,2,,MJD,
58492.5128312692,w,,,0.120687,,21.8211,,Pan-STARRS1,2,,MJD,
58492.5265232231,w,,,0.151343,,21.8353,,Pan-STARRS1,2,,MJD,
58497.4747611323,w,,,0.220631,,22.0899,,Pan-STARRS1,2,,MJD,
58497.4886636794,w,,,0.21332,,21.9759,,Pan-STARRS1,2,,MJD,
58497.5025770799,w,,,0.173052,,21.9224,,Pan-STARRS1,2,,MJD,
58497.5165150454,w,,,0.305902,,22.1692,,Pan-STARRS1,2,,MJD,
