time,band,bandset,e_fluxdensity,e_magnitude,fluxdensity,magnitude,system,telescope,source,u_fluxdensity,u_time,upperlimit
58566.5,,,,,,19.3,,,"2,3",,MJD,
58609.555495542,w,,,0.0508302,,18.9912,,Pan-STARRS1,1,,MJD,
58609.5683758658,w,,,0.0288492,,19.0437,,Pan-STARRS1,1,,MJD,
58609.5812654113,w,,,0.02051,,19.0492,,Pan-STARRS1,1,,MJD,
58609.5941636312,w,,,0.0200834,,19.0363,,Pan-STARRS1,1,,MJD,
58666.40853089,w,,,0.0232916,,19.9393,,Pan-STARRS1,1,,MJD,
58666.4230422657,w,,,0.0318943,,19.9231,,Pan-STARRS1,1,,MJD,
58666.4375596726,w,,,0.0270222,,19.9549,,Pan-STARRS1,1,,MJD,
58666.4521019147,w,,,0.0255527,,19.938,,Pan-STARRS1,1,,MJD,
