time,band,bandset,e_fluxdensity,e_magnitude,fluxdensity,magnitude,system,telescope,source,u_fluxdensity,u_time,upperlimit
58469.5,,,,,,19.3,,,"1,3",,MJD,
58518.5662106251,w,,,0.121391,,21.2663,,Pan-STARRS1,2,,MJD,
58518.5662106251,w,,,0.131948,,21.2672,,Pan-STARRS1,2,,MJD,
58518.5765704424,w,,,0.0871524,,21.2776,,Pan-STARRS1,2,,MJD,
58518.5765704424,w,,,0.0936753,,21.2842,,Pan-STARRS1,2,,MJD,
58518.58699578,w,,,0.089165,,21.2747,,Pan-STARRS1,2,,MJD,
58518.58699578,w,,,0.0868467,,21.3066,,Pan-STARRS1,2,,MJD,
58518.5973465773,w,,,0.0924594,,21.242,,Pan-STARRS1,2,,MJD,
58518.5973465773,w,,,0.090308,,21.2629,,Pan-STARRS1,2,,MJD,
