time,band,bandset,e_fluxdensity,e_magnitude,fluxdensity,magnitude,system,telescope,source,u_fluxdensity,u_time,upperlimit
58579.5,,,,,,19.5,,,"2,3",,MJD,
58590.5616768808,i,,,0.0821327,,19.2949,,Pan-STARRS1,1,,MJD,
58590.5711104968,i,,,0.0937911,,19.3198,,Pan-STARRS1,1,,MJD,
58590.5803621829,i,,,0.0894218,,19.305,,Pan-STARRS1,1,,MJD,
58590.5895886066,i,,,0.0808553,,19.373,,Pan-STARRS1,1,,MJD,
58644.377590192,i,,,0.184189,,21.3465,,Pan-STARRS1,1,,MJD,
58644.386865471,i,,,0.153768,,21.2525,,Pan-STARRS1,1,,MJD,
58644.3961461902,i,,,0.134092,,20.8929,,Pan-STARRS1,1,,MJD,
58644.4053807448,i,,,0.151627,,21.2723,,Pan-STARRS1,1,,MJD,
