time,band,bandset,e_fluxdensity,e_magnitude,fluxdensity,magnitude,system,telescope,source,u_fluxdensity,u_time,upperlimit
58610.3100676052,w,,,0.0993186,,21.7128,,Pan-STARRS1,2,,MJD,
58610.3210043363,w,,,0.0951697,,21.8761,,Pan-STARRS1,2,,MJD,
58610.3319306774,w,,,0.129529,,21.9718,,Pan-STARRS1,2,,MJD,
58610.3428752198,w,,,0.0982643,,21.8664,,Pan-STARRS1,2,,MJD,
58624.2765362427,w,,,0.152265,,22.1361,,Pan-STARRS1,2,,MJD,
58624.2877732807,w,,,0.265127,,21.9371,,Pan-STARRS1,2,,MJD,
58624.2997506348,w,,,0.225179,,21.9407,,Pan-STARRS1,2,,MJD,
58637.3216826417,w,,,0.214128,,22.6184,,Pan-STARRS1,2,,MJD,
58637.3444065704,w,,,0.265442,,22.5899,,Pan-STARRS1,2,,MJD,
