time,band,bandset,e_fluxdensity,e_magnitude,fluxdensity,magnitude,system,telescope,source,u_fluxdensity,u_time,upperlimit
58611.3486094866,w,,,0.0497994,,20.9146,,Pan-STARRS1,2,,MJD,
58611.3607063019,w,,,0.0528049,,20.9282,,Pan-STARRS1,2,,MJD,
58611.3727279905,w,,,0.0623269,,20.968,,Pan-STARRS1,2,,MJD,
58611.3847582579,w,,,0.0880401,,21.0228,,Pan-STARRS1,2,,MJD,
58635.316425913,w,,,0.197947,,21.9821,,Pan-STARRS1,2,,MJD,
58635.3282620837,w,,,0.177407,,21.913,,Pan-STARRS1,2,,MJD,
58635.3401262183,w,,,0.202949,,22.0069,,Pan-STARRS1,2,,MJD,
58635.3519617785,w,,,0.247409,,22.2888,,Pan-STARRS1,2,,MJD,
