time,band,bandset,e_fluxdensity,e_magnitude,fluxdensity,magnitude,system,telescope,source,u_fluxdensity,u_time,upperlimit
58574.5,,,,,,19.3,,,"3,4",,MJD,
58582.2912477469,w,,,0.0830076,,19.5566,,Pan-STARRS1,2,,MJD,
58582.3034967411,w,,,0.0535002,,19.5172,,Pan-STARRS1,2,,MJD,
58582.3157450581,w,,,0.0486472,,19.4784,,Pan-STARRS1,2,,MJD,
58582.3279831529,w,,,0.0402272,,19.484,,Pan-STARRS1,2,,MJD,
58609.3021262669,w,,,0.193967,,20.5942,,Pan-STARRS1,2,,MJD,
58609.3130853297,w,,,0.214609,,20.6214,,Pan-STARRS1,2,,MJD,
58609.3240593976,w,,,0.121996,,20.3656,,Pan-STARRS1,2,,MJD,
58609.3350343015,w,,,0.0910388,,20.3584,,Pan-STARRS1,2,,MJD,
