time,band,bandset,e_fluxdensity,e_magnitude,fluxdensity,magnitude,system,telescope,source,u_fluxdensity,u_time,upperlimit
58586.0,,,,,,19.4,,,"2,3",,MJD,
58611.3579493476,w,,,0.0182344,,19.2936,,Pan-STARRS1,1,,MJD,
58611.3700012882,w,,,0.0197623,,19.3119,,Pan-STARRS1,1,,MJD,
58611.3820383664,w,,,0.021245,,19.3117,,Pan-STARRS1,1,,MJD,
58611.394095942,w,,,0.0289912,,19.3849,,Pan-STARRS1,1,,MJD,
58669.2679328621,w,,,0.0256801,,19.8204,,Pan-STARRS1,1,,MJD,
58669.2792359659,w,,,0.0278472,,19.7792,,Pan-STARRS1,1,,MJD,
58669.290519596,w,,,0.0274071,,19.7391,,Pan-STARRS1,1,,MJD,
58669.3018434415,w,,,0.0436205,,19.7859,,Pan-STARRS1,1,,MJD,
