time,band,bandset,e_fluxdensity,e_magnitude,fluxdensity,magnitude,system,telescope,source,u_fluxdensity,u_time,upperlimit
58584.5,,,,,,19.4,,,"2,3",,MJD,
58604.3177357418,w,,,0.0287027,,19.36,,Pan-STARRS1,1,,MJD,
58604.3309214857,w,,,0.0389745,,19.4021,,Pan-STARRS1,1,,MJD,
58604.3441537968,w,,,0.0323609,,19.3321,,Pan-STARRS1,1,,MJD,
58604.3574712271,w,,,0.0319352,,19.3694,,Pan-STARRS1,1,,MJD,
58605.2614629381,w,,,0.0185452,,19.3515,,Pan-STARRS1,1,,MJD,
58605.2728674677,w,,,0.0220507,,19.3007,,Pan-STARRS1,1,,MJD,
58605.2842553435,w,,,0.0207459,,19.3232,,Pan-STARRS1,1,,MJD,
58605.2956415238,w,,,0.0213384,,19.3153,,Pan-STARRS1,1,,MJD,
