time,band,bandset,e_fluxdensity,e_magnitude,fluxdensity,magnitude,system,telescope,source,u_fluxdensity,u_time,upperlimit
58586.5,,,,,,19.9,,,"1,3",,MJD,
58587.5269598211,w,,,0.0579033,,19.888,,Pan-STARRS1,2,,MJD,
58587.5390063059,w,,,0.0789269,,19.9582,,Pan-STARRS1,2,,MJD,
58587.5509976522,w,,,0.0803204,,19.9349,,Pan-STARRS1,2,,MJD,
58587.5629654951,w,,,0.0757337,,19.9611,,Pan-STARRS1,2,,MJD,
58662.4112633639,w,,,0.194291,,22.1116,,Pan-STARRS1,2,,MJD,
58662.4233495499,w,,,0.157523,,21.8749,,Pan-STARRS1,2,,MJD,
58662.4353755171,w,,,0.242431,,22.0467,,Pan-STARRS1,2,,MJD,
58667.3675117274,w,,,0.31505,,22.7786,,Pan-STARRS1,2,,MJD,
