time,band,bandset,e_fluxdensity,e_magnitude,fluxdensity,magnitude,system,telescope,source,u_fluxdensity,u_time,upperlimit
58491.3761462481,w,,,0.0806635,,20.4728,,Pan-STARRS1,2,,MJD,
58491.3761462481,w,,,0.0881431,,20.5763,,Pan-STARRS1,2,,MJD,
58491.3872085967,w,,,0.0817704,,20.4529,,Pan-STARRS1,2,,MJD,
58491.3872085967,w,,,0.0848247,,20.5152,,Pan-STARRS1,2,,MJD,
58491.3982633242,w,,,0.067599,,20.4346,,Pan-STARRS1,2,,MJD,
58491.3982633242,w,,,0.0762046,,20.5932,,Pan-STARRS1,2,,MJD,
58491.40932253,w,,,0.0821993,,20.4233,,Pan-STARRS1,2,,MJD,
58491.40932253,w,,,0.0901075,,20.5261,,Pan-STARRS1,2,,MJD,
