time,band,bandset,e_fluxdensity,e_magnitude,fluxdensity,magnitude,system,telescope,source,u_fluxdensity,u_time,upperlimit
58604.2559072319,w,,,0.212205,,21.7693,,Pan-STARRS1,2,,MJD,
58604.2559072319,w,,,0.225249,,21.9108,,Pan-STARRS1,2,,MJD,
58604.2818559968,w,,,0.0824095,,21.5285,,Pan-STARRS1,2,,MJD,
58604.2818559968,w,,,0.0803043,,21.6065,,Pan-STARRS1,2,,MJD,
58604.2950739473,w,,,0.106814,,21.7602,,Pan-STARRS1,2,,MJD,
58604.2950739473,w,,,0.109663,,21.8444,,Pan-STARRS1,2,,MJD,
58604.3082981407,w,,,0.128795,,21.751,,Pan-STARRS1,2,,MJD,
58604.3082981408,w,,,0.124417,,21.6518,,Pan-STARRS1,2,,MJD,
