time,band,bandset,e_fluxdensity,e_magnitude,fluxdensity,magnitude,system,telescope,source,u_fluxdensity,u_time,upperlimit
58604.3231764062,w,,,0.193349,,21.7524,,Pan-STARRS1,2,,MJD,
58604.3363592391,w,,,0.231269,,21.7422,,Pan-STARRS1,2,,MJD,
58604.3496640338,w,,,0.141005,,21.6762,,Pan-STARRS1,2,,MJD,
58604.3629529285,w,,,0.213479,,21.7219,,Pan-STARRS1,2,,MJD,
58636.2668648604,w,,,0.228174,,21.8961,,Pan-STARRS1,2,,MJD,
58636.2778422642,w,,,0.216557,,21.7623,,Pan-STARRS1,2,,MJD,
58636.2888743603,w,,,0.192046,,21.8593,,Pan-STARRS1,2,,MJD,
58636.2999478787,w,,,0.27956,,21.8935,,Pan-STARRS1,2,,MJD,
