time,band,bandset,e_fluxdensity,e_magnitude,fluxdensity,magnitude,system,telescope,source,u_fluxdensity,u_time,upperlimit
58663.4149396193,w,,,0.0360443,,20.1005,,Pan-STARRS1,2,,MJD,
58663.4149396193,w,,,0.0371696,,20.1143,,Pan-STARRS1,2,,MJD,
58663.4268392604,w,,,0.0392549,,20.1064,,Pan-STARRS1,2,,MJD,
58663.4268392604,w,,,0.0408494,,20.1145,,Pan-STARRS1,2,,MJD,
58663.4387069512,w,,,0.0535005,,20.1392,,Pan-STARRS1,2,,MJD,
58663.4387069512,w,,,0.0511836,,20.1534,,Pan-STARRS1,2,,MJD,
58663.4505713955,w,,,0.0540475,,19.9931,,Pan-STARRS1,2,,MJD,
58663.4505713955,w,,,0.0481151,,20.0277,,Pan-STARRS1,2,,MJD,
