time,band,bandset,e_fluxdensity,e_magnitude,fluxdensity,magnitude,system,telescope,source,u_fluxdensity,u_time,upperlimit
58663.3169090655,w,,,0.220801,,21.9418,,Pan-STARRS1,2,,MJD,
58663.329850208,w,,,0.175926,,22.0566,,Pan-STARRS1,2,,MJD,
58663.3427990208,w,,,0.125627,,22.0477,,Pan-STARRS1,2,,MJD,
58663.3557868176,w,,,0.108896,,22.1244,,Pan-STARRS1,2,,MJD,
58668.3168063364,w,,,0.214037,,22.0013,,Pan-STARRS1,2,,MJD,
58668.3292756746,w,,,0.177125,,22.0313,,Pan-STARRS1,2,,MJD,
58668.3417192924,w,,,0.166398,,21.9344,,Pan-STARRS1,2,,MJD,
58668.3541559233,w,,,0.256602,,22.021,,Pan-STARRS1,2,,MJD,
