time,band,bandset,e_fluxdensity,e_magnitude,fluxdensity,magnitude,system,telescope,source,u_fluxdensity,u_time,upperlimit
58028.5,,,,,,19.1,,,"2,4",,MJD,
58066.3886601253,i,,,0.0531702,,19.0774,,Pan-STARRS1,3,,MJD,
58066.4004997625,i,,,0.0524127,,19.1367,,Pan-STARRS1,3,,MJD,
58066.4123882982,i,,,0.0501597,,19.0595,,Pan-STARRS1,3,,MJD,
58066.4242873844,i,,,0.0844915,,19.0834,,Pan-STARRS1,3,,MJD,
58066.4447937407,i,,,0.0820305,,19.1006,,Pan-STARRS1,3,,MJD,
58066.4570583887,i,,,0.139705,,19.1768,,Pan-STARRS1,3,,MJD,
58066.469316732,i,,,0.0604317,,19.1156,,Pan-STARRS1,3,,MJD,
58066.4815821595,i,,,0.103275,,19.1358,,Pan-STARRS1,3,,MJD,
