time,band,bandset,e_fluxdensity,e_magnitude,fluxdensity,magnitude,system,telescope,source,u_fluxdensity,u_time,upperlimit
58485.2672321978,w,,,0.132739,,21.0961,,Pan-STARRS1,2,,MJD,
58485.2672321978,w,,,0.12573,,21.1235,,Pan-STARRS1,2,,MJD,
58485.2798086325,w,,,0.0660884,,21.019,,Pan-STARRS1,2,,MJD,
58485.2798086325,w,,,0.0688773,,21.0277,,Pan-STARRS1,2,,MJD,
58485.2923500979,w,,,0.0989949,,21.0801,,Pan-STARRS1,2,,MJD,
58485.2923500979,w,,,0.104403,,21.0972,,Pan-STARRS1,2,,MJD,
58485.3049264941,w,,,0.0763656,,21.1037,,Pan-STARRS1,2,,MJD,
58485.3049264941,w,,,0.0819145,,21.1078,,Pan-STARRS1,2,,MJD,
