time,band,bandset,e_fluxdensity,e_magnitude,fluxdensity,magnitude,system,telescope,source,u_fluxdensity,u_time,upperlimit
58581.5,,,,,,21.2,,,"1,3",,MJD,
58582.5317593444,w,,,0.0912262,,21.1663,,Pan-STARRS1,2,,MJD,
58582.5317593444,w,,,0.0877084,,21.1783,,Pan-STARRS1,2,,MJD,
58582.5435689692,w,,,0.122612,,21.1641,,Pan-STARRS1,2,,MJD,
58582.5435689692,w,,,0.129657,,21.1665,,Pan-STARRS1,2,,MJD,
58582.555388962,w,,,0.126386,,21.2095,,Pan-STARRS1,2,,MJD,
58582.555388962,w,,,0.129554,,21.2375,,Pan-STARRS1,2,,MJD,
58582.5672344183,w,,,0.139064,,21.1227,,Pan-STARRS1,2,,MJD,
58582.5672344183,w,,,0.137415,,21.1261,,Pan-STARRS1,2,,MJD,
