time,band,bandset,e_fluxdensity,e_magnitude,fluxdensity,magnitude,system,telescope,source,u_fluxdensity,u_time,upperlimit
58609.5,,,,,,19.4,,,"1,3",,MJD,
58614.3009586808,i,,,0.0799872,,19.8123,,Pan-STARRS1,2,,MJD,
58614.3119439535,i,,,0.0555284,,19.8395,,Pan-STARRS1,2,,MJD,
58614.3229250066,i,,,0.0500161,,19.7857,,Pan-STARRS1,2,,MJD,
58614.3339237119,i,,,0.0450514,,19.813,,Pan-STARRS1,2,,MJD,
58669.3202276285,w,,,0.20548,,21.5333,,Pan-STARRS1,2,,MJD,
58669.3325714483,w,,,0.0999684,,21.3411,,Pan-STARRS1,2,,MJD,
58669.3449339299,w,,,0.147896,,21.3253,,Pan-STARRS1,2,,MJD,
58669.3572459886,w,,,0.133024,,21.3865,,Pan-STARRS1,2,,MJD,
