time,band,bandset,e_fluxdensity,e_magnitude,fluxdensity,magnitude,system,telescope,source,u_fluxdensity,u_time,upperlimit
58661.5,,,,,,20.6,,,"1,3",,MJD,
58662.527030808,w,,,0.0847035,,20.6442,,Pan-STARRS1,2,,MJD,
58662.5386712168,w,,,0.0769876,,20.5548,,Pan-STARRS1,2,,MJD,
58662.5502992454,w,,,0.0748437,,20.6227,,Pan-STARRS1,2,,MJD,
58662.5619374481,w,,,0.194801,,20.7458,,Pan-STARRS1,2,,MJD,
58668.5112418653,w,,,0.166284,,20.794,,Pan-STARRS1,2,,MJD,
58668.5229746443,w,,,0.0975277,,20.7813,,Pan-STARRS1,2,,MJD,
58668.5346880653,w,,,0.0874702,,20.8257,,Pan-STARRS1,2,,MJD,
58668.5464002853,w,,,0.102805,,20.7814,,Pan-STARRS1,2,,MJD,
