time,band,bandset,e_fluxdensity,e_magnitude,fluxdensity,magnitude,system,telescope,source,u_fluxdensity,u_time,upperlimit
58604.3744969879,w,,,0.068434,,20.6314,,Pan-STARRS1,2,,MJD,
58604.3865427998,w,,,0.0876747,,20.5182,,Pan-STARRS1,2,,MJD,
58604.3985965237,w,,,0.094556,,20.5842,,Pan-STARRS1,2,,MJD,
58604.4107228833,w,,,0.0929067,,20.548,,Pan-STARRS1,2,,MJD,
58612.301483463,w,,,0.0982443,,20.6368,,Pan-STARRS1,2,,MJD,
58612.3118307465,w,,,0.0960725,,20.5375,,Pan-STARRS1,2,,MJD,
58612.3221972292,w,,,0.0631249,,20.5969,,Pan-STARRS1,2,,MJD,
58612.3325220471,w,,,0.0530557,,20.5717,,Pan-STARRS1,2,,MJD,
