time,band,bandset,e_fluxdensity,e_magnitude,fluxdensity,magnitude,system,telescope,source,u_fluxdensity,u_time,upperlimit
58368.5,,,,,,19.1,,,"2,4",,MJD,
58472.3134283669,i,,,0.184473,,19.15,,Pan-STARRS1,3,,MJD,
58472.3238028772,i,,,0.159401,,19.0266,,Pan-STARRS1,3,,MJD,
58472.3342050682,i,,,0.154354,,19.0259,,Pan-STARRS1,3,,MJD,
58472.3445971461,i,,,0.179754,,19.0822,,Pan-STARRS1,3,,MJD,
58498.2243044675,i,,,0.0409639,,19.1346,,Pan-STARRS1,3,,MJD,
58498.2352631627,i,,,0.0426017,,19.1667,,Pan-STARRS1,3,,MJD,
58498.2462257621,i,,,0.0384667,,19.1394,,Pan-STARRS1,3,,MJD,
58498.2571939809,i,,,0.0439372,,19.1722,,Pan-STARRS1,3,,MJD,
