time,band,bandset,e_fluxdensity,e_magnitude,fluxdensity,magnitude,system,telescope,source,u_fluxdensity,u_time,upperlimit
58662.5,,,,,,19.7,,,"1,3",,MJD,
58663.5145143755,w,,,0.0386059,,19.7028,,Pan-STARRS1,2,,MJD,
58663.5145143755,w,,,0.0365762,,19.7248,,Pan-STARRS1,2,,MJD,
58663.5258395104,w,,,0.108306,,19.5417,,Pan-STARRS1,2,,MJD,
58663.5258395104,w,,,0.112564,,19.5695,,Pan-STARRS1,2,,MJD,
58663.5372122895,w,,,0.0463802,,19.7299,,Pan-STARRS1,2,,MJD,
58663.5372122895,w,,,0.0494079,,19.7599,,Pan-STARRS1,2,,MJD,
58663.5485975556,w,,,0.0496122,,19.7969,,Pan-STARRS1,2,,MJD,
58663.5485975556,w,,,0.0477615,,19.8147,,Pan-STARRS1,2,,MJD,
