time,band,bandset,e_fluxdensity,e_magnitude,fluxdensity,magnitude,system,telescope,source,u_fluxdensity,u_time,upperlimit
58631.4116887295,w,,,0.128068,,21.9451,,Pan-STARRS1,2,,MJD,
58631.4238765757,w,,,0.113846,,21.786,,Pan-STARRS1,2,,MJD,
58631.436024501,w,,,0.0948429,,21.7243,,Pan-STARRS1,2,,MJD,
58631.4482488898,w,,,0.122828,,21.8446,,Pan-STARRS1,2,,MJD,
58642.5147026331,w,,,0.167521,,22.0508,,Pan-STARRS1,2,,MJD,
58642.5263446033,w,,,0.212411,,22.114,,Pan-STARRS1,2,,MJD,
58642.5379834276,w,,,0.248334,,21.7162,,Pan-STARRS1,2,,MJD,
58642.5496066185,w,,,0.161972,,21.6186,,Pan-STARRS1,2,,MJD,
58669.4628671571,w,,,0.245857,,23.0583,,Pan-STARRS1,2,,MJD,
