time,band,bandset,e_fluxdensity,e_magnitude,fluxdensity,magnitude,system,telescope,source,u_fluxdensity,u_time,upperlimit
58461.5,,,,,,19.3,,,"1,3",,MJD,
58485.2658394672,w,,,0.0167904,,19.3225,,Pan-STARRS1,2,,MJD,
58485.2658394672,w,,,0.0161022,,19.3318,,Pan-STARRS1,2,,MJD,
58485.2784113968,w,,,0.019268,,19.3267,,Pan-STARRS1,2,,MJD,
58485.2784113968,w,,,0.0206173,,19.3466,,Pan-STARRS1,2,,MJD,
58485.2909570015,w,,,0.0197771,,19.3604,,Pan-STARRS1,2,,MJD,
58485.2909570015,w,,,0.0208907,,19.3806,,Pan-STARRS1,2,,MJD,
58485.3035249477,w,,,0.0256063,,19.5479,,Pan-STARRS1,2,,MJD,
58485.3035249477,w,,,0.0277423,,19.5587,,Pan-STARRS1,2,,MJD,
