time,band,bandset,e_fluxdensity,e_magnitude,fluxdensity,magnitude,system,telescope,source,u_fluxdensity,u_time,upperlimit
58659.2680039439,w,,,0.0979741,,21.0614,,Pan-STARRS1,2,,MJD,
58659.2810425107,w,,,0.0959242,,21.0373,,Pan-STARRS1,2,,MJD,
58659.2940724655,w,,,0.128337,,20.9826,,Pan-STARRS1,2,,MJD,
58659.3070884813,w,,,0.0894552,,21.0802,,Pan-STARRS1,2,,MJD,
58664.2781421617,w,,,0.1319,,21.3191,,Pan-STARRS1,2,,MJD,
58664.29049324,w,,,0.131218,,21.229,,Pan-STARRS1,2,,MJD,
58664.3028241219,w,,,0.171249,,21.2087,,Pan-STARRS1,2,,MJD,
58664.3151203304,w,,,0.142934,,21.1926,,Pan-STARRS1,2,,MJD,
