time,band,bandset,e_fluxdensity,e_magnitude,fluxdensity,magnitude,system,telescope,source,u_fluxdensity,u_time,upperlimit
58519.5,,,,,,19.3,,,"3,4",,MJD,
58594.3851321785,i,,,0.337187,,20.4926,,Pan-STARRS1,2,,MJD,
58595.3845255059,i,,,0.101287,,20.4471,,Pan-STARRS1,2,,MJD,
58595.384525506,i,,,0.0938044,,20.4557,,Pan-STARRS1,2,,MJD,
58595.394231486,i,,,0.227344,,20.2865,,Pan-STARRS1,2,,MJD,
58595.394231486,i,,,0.228469,,20.2875,,Pan-STARRS1,2,,MJD,
58595.4129146216,i,,,0.131058,,20.4347,,Pan-STARRS1,2,,MJD,
58595.4129146216,i,,,0.108888,,20.4538,,Pan-STARRS1,2,,MJD,
58637.2580987007,z,,,0.270943,,21.7034,,Pan-STARRS1,2,,MJD,
