time,band,bandset,e_fluxdensity,e_magnitude,fluxdensity,magnitude,system,telescope,source,u_fluxdensity,u_time,upperlimit
58492.4836243043,w,,,0.0401667,,20.458,,Pan-STARRS1,2,,MJD,
58492.4972479473,w,,,0.0471452,,20.4415,,Pan-STARRS1,2,,MJD,
58492.5109084225,w,,,0.0439303,,20.4738,,Pan-STARRS1,2,,MJD,
58492.5245886282,w,,,0.0474073,,20.4127,,Pan-STARRS1,2,,MJD,
58507.4953767387,i,,,0.0371573,,19.1747,,Pan-STARRS1,2,,MJD,
58507.5066944825,i,,,0.0340285,,19.1579,,Pan-STARRS1,2,,MJD,
58507.5180046475,i,,,0.0364792,,19.1516,,Pan-STARRS1,2,,MJD,
58507.5293462653,i,,,0.0350208,,19.0977,,Pan-STARRS1,2,,MJD,
