time,band,bandset,e_fluxdensity,e_magnitude,fluxdensity,magnitude,system,telescope,source,u_fluxdensity,u_time,upperlimit
58597.3053278507,w,,,0.0777319,,21.1635,,Pan-STARRS1,2,,MJD,
58597.3170619625,w,,,0.0803058,,20.9858,,Pan-STARRS1,2,,MJD,
58597.3288031878,w,,,0.0930665,,21.0985,,Pan-STARRS1,2,,MJD,
58597.3405444742,w,,,0.075866,,21.1225,,Pan-STARRS1,2,,MJD,
58610.2621428757,w,,,0.123039,,21.8434,,Pan-STARRS1,2,,MJD,
58610.2741300751,w,,,0.0917883,,21.7168,,Pan-STARRS1,2,,MJD,
58610.2861031336,w,,,0.0980148,,21.7227,,Pan-STARRS1,2,,MJD,
58610.2981006577,w,,,0.127665,,21.6629,,Pan-STARRS1,2,,MJD,
