time,band,bandset,e_fluxdensity,e_magnitude,fluxdensity,magnitude,system,telescope,source,u_fluxdensity,u_time,upperlimit
58580.5,,,,,,19.4,,,"2,3",,MJD,
58604.321248808,w,,,0.0302399,,19.4786,,Pan-STARRS1,1,,MJD,
58604.3344292864,w,,,0.0429381,,19.474,,Pan-STARRS1,1,,MJD,
58604.3477143413,w,,,0.0273596,,19.4345,,Pan-STARRS1,1,,MJD,
58604.3610203993,w,,,0.027489,,19.4555,,Pan-STARRS1,1,,MJD,
58636.2661001761,w,,,0.107865,,20.8188,,Pan-STARRS1,1,,MJD,
58636.2770762239,w,,,0.114009,,20.7123,,Pan-STARRS1,1,,MJD,
58636.2881130363,w,,,0.0850678,,20.7966,,Pan-STARRS1,1,,MJD,
58636.2991539993,w,,,0.111953,,20.8654,,Pan-STARRS1,1,,MJD,
