time,band,bandset,e_fluxdensity,e_magnitude,fluxdensity,magnitude,system,telescope,source,u_fluxdensity,u_time,upperlimit
58479.5,,,,,,19.5,,,"2,3",,MJD,
58505.4690923135,z,,,0.158049,,20.2856,,Pan-STARRS1,1,,MJD,
58505.4807163659,z,,,0.152351,,19.9792,,Pan-STARRS1,1,,MJD,
58505.5293023015,z,,,0.097112,,20.1837,,Pan-STARRS1,1,,MJD,
58510.6063461806,i,,,0.139714,,19.7221,,Pan-STARRS1,1,,MJD,
58510.61954836,i,,,0.111815,,19.8042,,Pan-STARRS1,1,,MJD,
58510.6327030324,i,,,0.243495,,20.0912,,Pan-STARRS1,1,,MJD,
58510.6456431796,i,,,0.137527,,19.8328,,Pan-STARRS1,1,,MJD,
58650.3129305331,z,,,0.271657,,21.5775,,Pan-STARRS1,1,,MJD,
