time,band,bandset,e_fluxdensity,e_magnitude,fluxdensity,magnitude,system,telescope,source,u_fluxdensity,u_time,upperlimit
58492.4855588545,w,,,0.054332,,20.7623,,Pan-STARRS1,2,,MJD,
58492.4991781659,w,,,0.0723819,,20.9587,,Pan-STARRS1,2,,MJD,
58492.5128312692,w,,,0.0653184,,20.8252,,Pan-STARRS1,2,,MJD,
58492.5265232231,w,,,0.0817033,,20.8856,,Pan-STARRS1,2,,MJD,
58497.4701276516,w,,,0.156287,,21.377,,Pan-STARRS1,2,,MJD,
58497.4840585753,w,,,0.145843,,21.2784,,Pan-STARRS1,2,,MJD,
58497.4979745116,w,,,0.1284,,21.2629,,Pan-STARRS1,2,,MJD,
58497.5119006415,w,,,0.103102,,21.0494,,Pan-STARRS1,2,,MJD,
