time,band,bandset,e_fluxdensity,e_magnitude,fluxdensity,magnitude,system,telescope,source,u_fluxdensity,u_time,upperlimit
58630.3369540838,w,,,0.0178164,,19.5741,,Pan-STARRS1,1,,MJD,
58630.3369540838,w,,,0.0183534,,19.5814,,Pan-STARRS1,1,,MJD,
58630.3487860017,w,,,0.0187145,,19.5684,,Pan-STARRS1,1,,MJD,
58630.3487860017,w,,,0.0181253,,19.575,,Pan-STARRS1,1,,MJD,
58630.3605854496,w,,,0.0220864,,19.6103,,Pan-STARRS1,1,,MJD,
58630.3605854496,w,,,0.0213876,,19.619,,Pan-STARRS1,1,,MJD,
58630.3724404317,w,,,0.0205171,,19.6165,,Pan-STARRS1,1,,MJD,
58630.3724404317,w,,,0.0196475,,19.6225,,Pan-STARRS1,1,,MJD,
58632.5,,,,,,19.4,,,"2,3",,MJD,
