time,band,bandset,e_fluxdensity,e_magnitude,fluxdensity,magnitude,system,telescope,source,u_fluxdensity,u_time,upperlimit
58493.5,,,,,,19.5,,,"2,3",,MJD,
58500.6018722593,w,,,0.0622349,,19.9534,,Pan-STARRS1,1,,MJD,
58500.6018722593,w,,,0.0569823,,19.9999,,Pan-STARRS1,1,,MJD,
58500.6131107753,w,,,0.0916614,,19.9964,,Pan-STARRS1,1,,MJD,
58500.6131107753,w,,,0.0894598,,20.059,,Pan-STARRS1,1,,MJD,
58500.6243464881,w,,,0.0736826,,19.968,,Pan-STARRS1,1,,MJD,
58500.6243464881,w,,,0.0720843,,20.0083,,Pan-STARRS1,1,,MJD,
58500.6356059642,w,,,0.0786222,,20.0241,,Pan-STARRS1,1,,MJD,
58500.6356059642,w,,,0.0782683,,20.0431,,Pan-STARRS1,1,,MJD,
