time,band,bandset,e_fluxdensity,e_magnitude,fluxdensity,magnitude,system,telescope,source,u_fluxdensity,u_time,upperlimit
58484.5,,,,,,20.9,,,"1,3",,MJD,
58485.6129134209,w,,,0.174903,,20.8828,,Pan-STARRS1,2,,MJD,
58485.6238668036,w,,,0.142349,,20.7452,,Pan-STARRS1,2,,MJD,
58485.6348292887,w,,,0.161812,,20.8133,,Pan-STARRS1,2,,MJD,
58485.645782615,w,,,0.162178,,20.7282,,Pan-STARRS1,2,,MJD,
58492.5825092997,w,,,0.059042,,20.1695,,Pan-STARRS1,2,,MJD,
58492.5934501026,w,,,0.0697273,,20.2068,,Pan-STARRS1,2,,MJD,
58492.6043994044,w,,,0.0630469,,20.2076,,Pan-STARRS1,2,,MJD,
58492.6194534069,w,,,0.0744561,,20.184,,Pan-STARRS1,2,,MJD,
