time,band,bandset,e_fluxdensity,e_magnitude,fluxdensity,magnitude,system,telescope,source,u_fluxdensity,u_time,upperlimit
58540.5,,,,,,19.2,,,"3,4",,MJD,
58612.4975685511,w,,,0.0805789,,21.1915,,Pan-STARRS1,2,,MJD,
58612.5097560831,w,,,0.0745187,,21.0786,,Pan-STARRS1,2,,MJD,
58612.5219743671,w,,,0.0736465,,21.1348,,Pan-STARRS1,2,,MJD,
58612.5341923488,w,,,0.0876472,,21.1445,,Pan-STARRS1,2,,MJD,
58665.3962847786,w,,,0.126801,,22.0398,,Pan-STARRS1,2,,MJD,
58665.4091373769,w,,,0.114652,,21.9618,,Pan-STARRS1,2,,MJD,
58665.4221022623,w,,,0.122421,,21.6707,,Pan-STARRS1,2,,MJD,
58665.4350227276,w,,,0.147271,,22.1295,,Pan-STARRS1,2,,MJD,
