time,band,bandset,e_fluxdensity,e_magnitude,fluxdensity,magnitude,system,telescope,source,u_fluxdensity,u_time,upperlimit
58179.5276385639,i,,,0.162318,,19.8117,,Pan-STARRS1,2,,MJD,
58179.5394218578,i,,,0.142501,,19.535,,Pan-STARRS1,2,,MJD,
58179.5512089539,i,,,0.170101,,19.6083,,Pan-STARRS1,2,,MJD,
58179.5630140786,i,,,0.22,,19.7103,,Pan-STARRS1,2,,MJD,
58187.5121334591,i,,,0.0923954,,19.4748,,Pan-STARRS1,2,,MJD,
58187.5239179699,i,,,0.0763939,,19.5131,,Pan-STARRS1,2,,MJD,
58187.5358013996,i,,,0.0709943,,19.4927,,Pan-STARRS1,2,,MJD,
58187.5476884409,i,,,0.0664746,,19.4769,,Pan-STARRS1,2,,MJD,
58260.2857195631,i,,,0.257891,,21.607,,Pan-STARRS1,2,,MJD,
