time,band,bandset,e_fluxdensity,e_magnitude,fluxdensity,magnitude,system,telescope,source,u_fluxdensity,u_time,upperlimit
58646.5,,,,,,21.2,,,"1,3",,MJD,
58647.5390721452,w,,,0.178444,,21.2475,,Pan-STARRS1,2,,MJD,
58647.5511330367,w,,,0.216371,,21.2578,,Pan-STARRS1,2,,MJD,
58647.5631807968,w,,,0.217235,,21.1618,,Pan-STARRS1,2,,MJD,
58647.5752874594,w,,,0.126281,,21.2319,,Pan-STARRS1,2,,MJD,
58670.5141075361,w,,,0.171825,,22.8257,,Pan-STARRS1,2,,MJD,
58670.5259571985,w,,,0.229622,,23.1153,,Pan-STARRS1,2,,MJD,
58670.5378717515,w,,,0.192055,,22.7597,,Pan-STARRS1,2,,MJD,
58670.5497775167,w,,,0.207532,,22.8381,,Pan-STARRS1,2,,MJD,
