time,band,bandset,e_fluxdensity,e_magnitude,fluxdensity,magnitude,system,telescope,source,u_fluxdensity,u_time,upperlimit
58491.2724571284,w,,,0.0465762,,20.5704,,Pan-STARRS1,2,,MJD,
58491.2724571284,w,,,0.0432048,,20.614,,Pan-STARRS1,2,,MJD,
58491.285926871,w,,,0.0783757,,20.7192,,Pan-STARRS1,2,,MJD,
58491.285926871,w,,,0.0723919,,20.7562,,Pan-STARRS1,2,,MJD,
58491.2993267057,w,,,0.0623983,,20.6382,,Pan-STARRS1,2,,MJD,
58491.2993267057,w,,,0.0544765,,20.6998,,Pan-STARRS1,2,,MJD,
58491.3127255697,w,,,0.0494425,,20.596,,Pan-STARRS1,2,,MJD,
58491.3127255697,w,,,0.0460818,,20.6314,,Pan-STARRS1,2,,MJD,
