time,band,bandset,e_fluxdensity,e_magnitude,fluxdensity,magnitude,system,telescope,source,u_fluxdensity,u_time,upperlimit
58492.5,,,,,,21.3,,,"1,3",,MJD,
58493.5974242492,w,,,0.185867,,21.2225,,Pan-STARRS1,2,,MJD,
58493.5974242492,w,,,0.186299,,21.2588,,Pan-STARRS1,2,,MJD,
58493.6090276864,w,,,0.183663,,21.302,,Pan-STARRS1,2,,MJD,
58493.6090276864,w,,,0.184191,,21.3664,,Pan-STARRS1,2,,MJD,
58493.6206330405,w,,,0.233539,,21.254,,Pan-STARRS1,2,,MJD,
58493.6206330405,w,,,0.244918,,21.3084,,Pan-STARRS1,2,,MJD,
58493.6322390879,w,,,0.171326,,21.3196,,Pan-STARRS1,2,,MJD,
58493.6322390879,w,,,0.167014,,21.3443,,Pan-STARRS1,2,,MJD,
