time,band,bandset,e_fluxdensity,e_magnitude,fluxdensity,magnitude,system,telescope,source,u_fluxdensity,u_time,upperlimit
58361.5,,,,,,19.2,,,"3,4",,MJD,
58636.4955515205,w,,,0.0151547,,19.0706,,Pan-STARRS1,2,,MJD,
58636.4955515205,w,,,0.0165362,,19.113,,Pan-STARRS1,2,,MJD,
58636.5071335213,w,,,0.0145179,,18.9893,,Pan-STARRS1,2,,MJD,
58636.5071335213,w,,,0.0155237,,18.9939,,Pan-STARRS1,2,,MJD,
58636.5187404915,w,,,0.0177248,,19.0118,,Pan-STARRS1,2,,MJD,
58636.5187404915,w,,,0.0188982,,19.0371,,Pan-STARRS1,2,,MJD,
58636.5303707682,w,,,0.0162052,,18.9239,,Pan-STARRS1,2,,MJD,
58636.5303707682,w,,,0.0174683,,18.9696,,Pan-STARRS1,2,,MJD,
