time,band,bandset,e_fluxdensity,e_magnitude,fluxdensity,magnitude,system,telescope,source,u_fluxdensity,u_time,upperlimit
58587.4515385785,i,,,0.242702,,19.9713,,Pan-STARRS1,2,,MJD,
58587.4596287926,i,,,0.156896,,19.9392,,Pan-STARRS1,2,,MJD,
58587.4677946167,i,,,0.198089,,19.8326,,Pan-STARRS1,2,,MJD,
58595.4666292657,i,,,0.119753,,19.9175,,Pan-STARRS1,2,,MJD,
58595.4747518684,i,,,0.0765606,,19.8298,,Pan-STARRS1,2,,MJD,
58595.4828822655,i,,,0.0601433,,19.8191,,Pan-STARRS1,2,,MJD,
58595.4910144717,i,,,0.0876886,,19.8541,,Pan-STARRS1,2,,MJD,
58643.3398968276,i,,,0.301399,,22.1602,,Pan-STARRS1,2,,MJD,
