time,band,bandset,e_fluxdensity,e_magnitude,fluxdensity,magnitude,system,telescope,source,u_fluxdensity,u_time,upperlimit
58492.4836243043,w,,,0.0975045,,21.5881,,Pan-STARRS1,2,,MJD,
58492.4836243043,w,,,0.119434,,21.6012,,Pan-STARRS1,2,,MJD,
58492.4972479472,w,,,0.137906,,21.695,,Pan-STARRS1,2,,MJD,
58492.4972479473,w,,,0.111706,,21.6549,,Pan-STARRS1,2,,MJD,
58492.5109084225,w,,,0.109737,,21.6837,,Pan-STARRS1,2,,MJD,
58492.5109084225,w,,,0.125524,,21.7018,,Pan-STARRS1,2,,MJD,
58492.5245886282,w,,,0.128774,,21.8154,,Pan-STARRS1,2,,MJD,
58492.5245886282,w,,,0.151139,,21.8387,,Pan-STARRS1,2,,MJD,
