time,band,bandset,e_fluxdensity,e_magnitude,fluxdensity,magnitude,system,telescope,source,u_fluxdensity,u_time,upperlimit
57901.76240907407,i,,,0.0701399,,19.2583,,,3,,MJD,
57910.4670290527,i,,,0.0514968,,19.1156,,Pan-STARRS1,4,,MJD,
57910.4785032735,i,,,0.0679114,,19.1615,,Pan-STARRS1,4,,MJD,
57910.4900037973,i,,,0.0614322,,19.1406,,Pan-STARRS1,4,,MJD,
57910.5014416113,i,,,0.0862236,,19.054,,Pan-STARRS1,4,,MJD,
57999.2634899998,i,,,0.157028,,20.1983,,Pan-STARRS1,4,,MJD,
57999.2749309965,i,,,0.0612536,,19.9506,,Pan-STARRS1,4,,MJD,
57999.2978211256,i,,,0.150596,,20.0672,,Pan-STARRS1,4,,MJD,
