time,band,bandset,e_fluxdensity,e_magnitude,fluxdensity,magnitude,system,telescope,source,u_fluxdensity,u_time,upperlimit
58566.5,,,,,,20.3,,,"3,4",,MJD,
58594.2478794912,i,,,0.105099,,20.0072,,Pan-STARRS1,2,,MJD,
58594.256820242,i,,,0.131388,,20.3861,,Pan-STARRS1,2,,MJD,
58594.2655846076,i,,,0.119901,,20.0236,,Pan-STARRS1,2,,MJD,
58594.2744859238,i,,,0.0935501,,19.9756,,Pan-STARRS1,2,,MJD,
58618.2644202486,i,,,0.0664727,,19.8792,,Pan-STARRS1,2,,MJD,
58618.2737316665,i,,,0.0974749,,20.0665,,Pan-STARRS1,2,,MJD,
58618.2885992696,i,,,0.0793751,,20.0947,,Pan-STARRS1,2,,MJD,
58618.2969019809,i,,,0.0934797,,20.2156,,Pan-STARRS1,2,,MJD,
