time,band,bandset,e_fluxdensity,e_magnitude,fluxdensity,magnitude,system,telescope,source,u_fluxdensity,u_time,upperlimit
58454.5,,,,,,19.3,,,"2,3",,MJD,
58493.4420509624,w,,,0.0463424,,20.3794,,Pan-STARRS1,1,,MJD,
58493.4420509624,w,,,0.0477973,,20.4107,,Pan-STARRS1,1,,MJD,
58493.4538844903,w,,,0.0395296,,20.4742,,Pan-STARRS1,1,,MJD,
58493.4538844903,w,,,0.0408413,,20.4879,,Pan-STARRS1,1,,MJD,
58493.4656830463,w,,,0.0477261,,20.4397,,Pan-STARRS1,1,,MJD,
58493.4656830463,w,,,0.0497359,,20.4695,,Pan-STARRS1,1,,MJD,
58493.4775014757,w,,,0.047264,,20.4238,,Pan-STARRS1,1,,MJD,
58493.4775014757,w,,,0.0488943,,20.4472,,Pan-STARRS1,1,,MJD,
