time,band,bandset,e_fluxdensity,e_magnitude,fluxdensity,magnitude,system,telescope,source,u_fluxdensity,u_time,upperlimit
58422.5,,,,,,19.5,,,"2,3",,MJD,
58423.541412,r,,,0.120943,,19.2694,,P48,2,,MJD,
58426.4958565,g,,,0.139569,,19.5375,,P48,2,,MJD,
58426.5244213,r,,,0.121635,,19.2535,,P48,2,,MJD,
58429.4858102,g,,,0.119544,,19.5369,,P48,2,,MJD,
58429.5339352,r,,,0.120321,,19.258,,P48,2,,MJD,
58432.4928935,g,,,0.133005,,19.7472,,P48,2,,MJD,
58432.5342014,r,,,0.124631,,19.3115,,P48,2,,MJD,
