time,band,bandset,e_fluxdensity,e_magnitude,fluxdensity,magnitude,system,telescope,source,u_fluxdensity,u_time,upperlimit
58611.4900891989,w,,,0.0829287,,21.3204,,Pan-STARRS1,2,,MJD,
58611.5017037587,w,,,0.0587222,,21.3484,,Pan-STARRS1,2,,MJD,
58611.5132966778,w,,,0.0695695,,21.2931,,Pan-STARRS1,2,,MJD,
58611.5248906772,w,,,0.0880187,,21.315,,Pan-STARRS1,2,,MJD,
58614.3009586808,i,,,0.22301,,20.9737,,Pan-STARRS1,2,,MJD,
58614.3119439535,i,,,0.196354,,21.2169,,Pan-STARRS1,2,,MJD,
58614.3229250066,i,,,0.183772,,21.305,,Pan-STARRS1,2,,MJD,
58614.3339237119,i,,,0.138256,,21.101,,Pan-STARRS1,2,,MJD,
