time,band,bandset,e_fluxdensity,e_magnitude,fluxdensity,magnitude,system,telescope,source,u_fluxdensity,u_time,upperlimit
57111.485685457,r,,,0.0130388,,17.2907,,Pan-STARRS1,"2,6",,MJD,
57111.4981274391,r,,,0.016184,,17.3244,,Pan-STARRS1,"2,6",,MJD,
57111.5108228484,r,,,0.0141187,,17.2773,,Pan-STARRS1,"2,6",,MJD,
57111.5232543074,r,,,0.0151565,,17.2906,,Pan-STARRS1,"2,6",,MJD,
57172.3266747459,i,,,0.0513767,,19.9196,,Pan-STARRS1,"2,6",,MJD,
57172.3387621306,i,,,0.0647431,,19.9116,,Pan-STARRS1,"2,6",,MJD,
57172.3508723263,i,,,0.0673476,,19.9102,,Pan-STARRS1,"2,6",,MJD,
57172.362933169,i,,,0.0705052,,19.9396,,Pan-STARRS1,"2,6",,MJD,
