time,band,bandset,e_fluxdensity,e_magnitude,fluxdensity,magnitude,system,telescope,source,u_fluxdensity,u_time,upperlimit
57162.5,,,,,,18.7,,,"4,6",,MJD,
57184.4638646958,r,,,0.0301423,,18.9096,,Pan-STARRS1,"2,5",,MJD,
57184.47752177,r,,,0.0270386,,18.9348,,Pan-STARRS1,"2,5",,MJD,
57184.4911182568,r,,,0.0437247,,18.9266,,Pan-STARRS1,"2,5",,MJD,
57184.5047587142,r,,,0.0474857,,18.8995,,Pan-STARRS1,"2,5",,MJD,
57206.3871806967,r,,,0.0392195,,19.1453,,Pan-STARRS1,"2,5",,MJD,
57206.4005812538,r,,,0.0427716,,19.1455,,Pan-STARRS1,"2,5",,MJD,
57206.4139195302,r,,,0.0392667,,19.1727,,Pan-STARRS1,"2,5",,MJD,
57206.4272565369,r,,,0.0452602,,19.1385,,Pan-STARRS1,"2,5",,MJD,
