time,band,bandset,e_fluxdensity,e_magnitude,fluxdensity,magnitude,system,telescope,source,u_fluxdensity,u_time,upperlimit
56631.4177594526,g,,,0.0559916,,19.4523,,Pan-STARRS1,"2,3,5",,MJD,
56631.4177594526,g,,,0.0519672,,19.4832,,Pan-STARRS1,"2,3,5",,MJD,
56631.4306036704,g,,,0.0638689,,19.4077,,Pan-STARRS1,"2,3,5",,MJD,
56631.4306036704,g,,,0.0548162,,19.4548,,Pan-STARRS1,"2,3,5",,MJD,
56664.3952855873,r,,,0.0707723,,18.8098,,Pan-STARRS1,"2,3,5",,MJD,
56664.3952855873,r,,,0.0732406,,18.8284,,Pan-STARRS1,"2,3,5",,MJD,
56664.4049812583,r,,,0.0582739,,18.8036,,Pan-STARRS1,"2,3,5",,MJD,
56664.4049812583,r,,,0.0495261,,18.8235,,Pan-STARRS1,"2,3,5",,MJD,
