time,band,bandset,e_fluxdensity,e_magnitude,fluxdensity,magnitude,system,telescope,source,u_fluxdensity,u_time,upperlimit
57111.4863412525,r,,,0.0372298,,18.2709,,Pan-STARRS1,2,,MJD,
57111.4863412525,r,,,0.037968,,18.2895,,Pan-STARRS1,2,,MJD,
57111.4987858702,r,,,0.0317819,,18.2412,,Pan-STARRS1,2,,MJD,
57111.4987858702,r,,,0.0319886,,18.2537,,Pan-STARRS1,2,,MJD,
57111.5114767421,r,,,0.036646,,18.226,,Pan-STARRS1,2,,MJD,
57111.5114767421,r,,,0.0371414,,18.235,,Pan-STARRS1,2,,MJD,
57111.5239151294,r,,,0.041902,,18.2801,,Pan-STARRS1,2,,MJD,
57111.5239151294,r,,,0.0403546,,18.3222,,Pan-STARRS1,2,,MJD,
