time,band,bandset,e_fluxdensity,e_magnitude,fluxdensity,magnitude,system,telescope,source,u_fluxdensity,u_time,upperlimit
57017.5,,,,,,16.5,,,"5,6",,MJD,
57110.4932213351,i,,,0.0600333,,19.6835,,Pan-STARRS1,4,,MJD,
57110.4932213351,i,,,0.0575812,,19.6879,,Pan-STARRS1,4,,MJD,
57110.5051069307,i,,,0.0454889,,19.6411,,Pan-STARRS1,4,,MJD,
57110.5051069307,i,,,0.0470071,,19.6526,,Pan-STARRS1,4,,MJD,
57110.5170419913,i,,,0.0506296,,19.6712,,Pan-STARRS1,4,,MJD,
57110.5170419913,i,,,0.0494401,,19.6804,,Pan-STARRS1,4,,MJD,
57110.5289319222,i,,,0.0970563,,19.6558,,Pan-STARRS1,4,,MJD,
57110.5289319222,i,,,0.0975719,,19.6619,,Pan-STARRS1,4,,MJD,
