time,band,bandset,e_fluxdensity,e_magnitude,fluxdensity,magnitude,system,telescope,source,u_fluxdensity,u_time,upperlimit
56567.5,,,,,,18.9,,,"5,6",,MJD,
56569.5892717735,g,,,0.052916,,18.7866,,Pan-STARRS1,4,,MJD,
56569.5892717735,g,,,0.0522928,,18.7871,,Pan-STARRS1,4,,MJD,
56569.6018912457,g,,,0.0478299,,18.7664,,Pan-STARRS1,4,,MJD,
56569.6018912457,g,,,0.0488889,,18.7903,,Pan-STARRS1,4,,MJD,
56629.3782573394,r,,,0.152768,,20.8567,,Pan-STARRS1,4,,MJD,
56629.3782573394,r,,,0.163897,,20.8616,,Pan-STARRS1,4,,MJD,
56629.3898617663,r,,,0.133425,,21.0209,,Pan-STARRS1,4,,MJD,
56629.3898617663,r,,,0.147239,,21.0405,,Pan-STARRS1,4,,MJD,
