time,band,bandset,e_fluxdensity,e_magnitude,fluxdensity,magnitude,system,telescope,source,u_fluxdensity,u_time,upperlimit
56987.5,,,,,,18.8,,,"2,7",,MJD,
57012.5893456325,w,,,0.0327541,,19.6659,,Pan-STARRS1,"2,5,6",,MJD,
57012.6029100362,w,,,0.0411217,,19.7191,,Pan-STARRS1,"2,5,6",,MJD,
57012.6166248806,w,,,0.043653,,19.7353,,Pan-STARRS1,"2,5,6",,MJD,
57012.6303924741,w,,,0.03676,,19.6829,,Pan-STARRS1,"2,5,6",,MJD,
57038.5294623148,w,,,0.0643777,,21.0262,,Pan-STARRS1,"2,5,6",,MJD,
57038.541662674,w,,,0.0506608,,20.891,,Pan-STARRS1,"2,5,6",,MJD,
57038.5539387277,w,,,0.0541506,,20.8527,,Pan-STARRS1,"2,5,6",,MJD,
57038.5662326692,w,,,0.0661002,,20.9733,,Pan-STARRS1,"2,5,6",,MJD,
