time,band,bandset,e_fluxdensity,e_magnitude,fluxdensity,magnitude,system,telescope,source,u_fluxdensity,u_time,upperlimit
56527.3927972145,i,,,0.0856317,,20.2222,,Pan-STARRS1,2,,MJD,
56531.3709438914,r,,,0.10017,,19.8398,,Pan-STARRS1,2,,MJD,
56531.3814243711,r,,,0.136416,,19.9766,,Pan-STARRS1,2,,MJD,
56531.3923590373,i,,,0.153627,,19.8527,,Pan-STARRS1,2,,MJD,
56531.4035814097,i,,,0.130213,,19.8719,,Pan-STARRS1,2,,MJD,
56543.326229446,g,,,0.152691,,19.6152,,Pan-STARRS1,2,,MJD,
56543.3371022196,g,,,0.0729504,,19.5888,,Pan-STARRS1,2,,MJD,
56575.2424010931,r,,,0.132693,,20.3066,,Pan-STARRS1,2,,MJD,
56575.252840199,r,,,0.138852,,20.4733,,Pan-STARRS1,2,,MJD,
