time,band,bandset,e_fluxdensity,e_magnitude,fluxdensity,magnitude,system,telescope,source,u_fluxdensity,u_time,upperlimit
56652.3070991872,g,,,0.15932,,20.1636,,Pan-STARRS1,2,,MJD,
56652.3070991872,g,,,0.180748,,20.1724,,Pan-STARRS1,2,,MJD,
56652.3191780049,g,,,0.191431,,20.0402,,Pan-STARRS1,2,,MJD,
56652.3191780049,g,,,0.180522,,20.0563,,Pan-STARRS1,2,,MJD,
56663.2707336448,r,,,0.190252,,20.1169,,Pan-STARRS1,2,,MJD,
56663.2707336449,r,,,0.212364,,20.1014,,Pan-STARRS1,2,,MJD,
56663.2945655943,r,,,0.199736,,20.0616,,Pan-STARRS1,2,,MJD,
56663.2945655943,r,,,0.188954,,20.0765,,Pan-STARRS1,2,,MJD,
