time,band,bandset,e_fluxdensity,e_magnitude,fluxdensity,magnitude,system,telescope,source,u_fluxdensity,u_time,upperlimit
57002.215229169,w,,,0.13481,,21.0786,,Pan-STARRS1,2,,MJD,
57002.2274153324,w,,,0.182762,,21.1349,,Pan-STARRS1,2,,MJD,
57002.2396032503,w,,,0.097128,,20.9661,,Pan-STARRS1,2,,MJD,
57002.2518401826,w,,,0.0754734,,21.0313,,Pan-STARRS1,2,,MJD,
57034.2876577908,w,,,0.0992599,,21.2457,,Pan-STARRS1,2,,MJD,
57034.3003611012,w,,,0.0648096,,21.2094,,Pan-STARRS1,2,,MJD,
57034.3129059492,w,,,0.0702249,,21.2724,,Pan-STARRS1,2,,MJD,
57034.3255095485,w,,,0.0578306,,21.1758,,Pan-STARRS1,2,,MJD,
