time,band,bandset,e_fluxdensity,e_magnitude,fluxdensity,magnitude,system,telescope,source,u_fluxdensity,u_time,upperlimit
56593.3166459041,g,,,0.160498,,19.9541,,Pan-STARRS1,2,,MJD,
56593.3288183445,g,,,0.132935,,19.9274,,Pan-STARRS1,2,,MJD,
56593.4546017769,r,,,0.112707,,19.9359,,Pan-STARRS1,2,,MJD,
56593.4564012243,r,,,0.134888,,19.9628,,Pan-STARRS1,2,,MJD,
56600.3067071535,g,,,0.178064,,19.9023,,Pan-STARRS1,2,,MJD,
56600.3185670864,g,,,0.179854,,19.9245,,Pan-STARRS1,2,,MJD,
56622.2317612404,i,,,0.197389,,20.3878,,Pan-STARRS1,2,,MJD,
56622.2444057762,i,,,0.163481,,20.2531,,Pan-STARRS1,2,,MJD,
56622.2652799138,r,,,0.0667387,,20.2939,,Pan-STARRS1,2,,MJD,
