time,band,bandset,e_fluxdensity,e_magnitude,fluxdensity,magnitude,system,telescope,source,u_fluxdensity,u_time,upperlimit
56619.3436034977,i,,,0.0815009,,19.7995,,Pan-STARRS1,2,,MJD,
56619.3881039689,i,,,0.0970743,,19.706,,Pan-STARRS1,2,,MJD,
56620.3587917015,g,,,0.118697,,19.5267,,Pan-STARRS1,2,,MJD,
56620.3714758972,g,,,0.0610356,,19.555,,Pan-STARRS1,2,,MJD,
56620.3859230779,r,,,0.138275,,19.378,,Pan-STARRS1,2,,MJD,
56620.3977997509,r,,,0.0699197,,19.4042,,Pan-STARRS1,2,,MJD,
56630.3062448474,g,,,0.214224,,20.2494,,Pan-STARRS1,2,,MJD,
56630.3193291202,g,,,0.11633,,20.334,,Pan-STARRS1,2,,MJD,
56637.3092654645,i,,,0.177188,,20.4167,,Pan-STARRS1,2,,MJD,
