time,band,bandset,e_fluxdensity,e_magnitude,fluxdensity,magnitude,system,telescope,source,u_fluxdensity,u_time,upperlimit
56525.620908711,z,,,0.0230735,,17.9656,,Pan-STARRS1,"1,3",,MJD,
56525.6390590895,y,,,0.0391555,,17.9709,,Pan-STARRS1,"1,3",,MJD,
56623.3137213375,g,,,0.022429,,18.186,,Pan-STARRS1,"1,3",,MJD,
56623.3259024812,g,,,0.0197124,,18.1481,,Pan-STARRS1,"1,3",,MJD,
56624.3250667248,g,,,0.0625691,,18.2448,,Pan-STARRS1,"1,3",,MJD,
56624.3376631942,g,,,0.041306,,18.1892,,Pan-STARRS1,"1,3",,MJD,
56624.3501510708,r,,,0.0354742,,18.1372,,Pan-STARRS1,"1,3",,MJD,
56624.3617014233,r,,,0.0382988,,18.1844,,Pan-STARRS1,"1,3",,MJD,
