time,band,bandset,e_fluxdensity,e_magnitude,fluxdensity,magnitude,system,telescope,source,u_fluxdensity,u_time,upperlimit
56631.3434057515,g,,,0.0423115,,19.2749,,Pan-STARRS1,2,,MJD,
56631.3563232669,g,,,0.0356719,,19.3436,,Pan-STARRS1,2,,MJD,
56636.3165362086,r,,,0.105292,,19.1232,,Pan-STARRS1,2,,MJD,
56636.3282435519,r,,,0.0852763,,19.1222,,Pan-STARRS1,2,,MJD,
56661.2549554132,z,,,0.205464,,18.9706,,Pan-STARRS1,2,,MJD,
56701.2662157958,r,,,0.117775,,19.0729,,Pan-STARRS1,2,,MJD,
56701.2775525922,r,,,0.138624,,19.0499,,Pan-STARRS1,2,,MJD,
56713.2192289499,y,,,0.199739,,18.9215,,Pan-STARRS1,2,,MJD,
