time,band,bandset,e_fluxdensity,e_magnitude,fluxdensity,magnitude,system,telescope,source,u_fluxdensity,u_time,upperlimit
57020.5647782547,w,,,0.0315187,,20.2032,,Pan-STARRS1,2,,MJD,
57020.5765879928,w,,,0.0333207,,20.2226,,Pan-STARRS1,2,,MJD,
57020.5883596548,w,,,0.0390027,,20.2582,,Pan-STARRS1,2,,MJD,
57020.60018323,w,,,0.0379001,,20.194,,Pan-STARRS1,2,,MJD,
57038.5363735691,w,,,0.0317437,,20.0876,,Pan-STARRS1,2,,MJD,
57038.5486260228,w,,,0.0299088,,20.0287,,Pan-STARRS1,2,,MJD,
57038.5609175783,w,,,0.0312381,,20.0079,,Pan-STARRS1,2,,MJD,
57038.5732188198,w,,,0.0369358,,20.0748,,Pan-STARRS1,2,,MJD,
