time,band,bandset,e_fluxdensity,e_magnitude,fluxdensity,magnitude,system,telescope,source,u_fluxdensity,u_time,upperlimit
56562.4622829725,r,,,0.0383228,,18.3405,,Pan-STARRS1,3,,MJD,
56562.4732217434,r,,,0.0580498,,18.36,,Pan-STARRS1,3,,MJD,
56562.4853821372,i,,,0.0513285,,18.1996,,Pan-STARRS1,3,,MJD,
56562.4973801696,i,,,0.0539257,,18.2232,,Pan-STARRS1,3,,MJD,
56569.4839491774,g,,,0.0836232,,19.8718,,Pan-STARRS1,3,,MJD,
56569.4953967671,g,,,0.0816665,,19.9455,,Pan-STARRS1,3,,MJD,
56573.4372366682,g,,,0.155819,,20.7442,,Pan-STARRS1,3,,MJD,
56613.3587923436,z,,,0.112049,,19.6122,,Pan-STARRS1,3,,MJD,
