time,band,bandset,e_fluxdensity,e_magnitude,fluxdensity,magnitude,system,telescope,source,u_fluxdensity,u_time,upperlimit
57009.2598154126,w,,,0.211706,,20.9824,,Pan-STARRS1,2,,MJD,
57009.2598154126,w,,,0.201183,,20.9866,,Pan-STARRS1,2,,MJD,
57009.2719353641,w,,,0.19351,,20.9724,,Pan-STARRS1,2,,MJD,
57009.2719353641,w,,,0.187822,,20.9944,,Pan-STARRS1,2,,MJD,
57009.2840585616,w,,,0.139361,,20.9682,,Pan-STARRS1,2,,MJD,
57009.2840585616,w,,,0.1329,,20.9974,,Pan-STARRS1,2,,MJD,
57009.2961912937,w,,,0.158385,,20.9403,,Pan-STARRS1,2,,MJD,
57009.2961912937,w,,,0.144658,,20.9723,,Pan-STARRS1,2,,MJD,
