time,band,bandset,e_fluxdensity,e_magnitude,fluxdensity,magnitude,system,telescope,source,u_fluxdensity,u_time,upperlimit
56589.4498928682,i,,,0.059423,,20.0248,,Pan-STARRS1,2,,MJD,
56589.4620800254,i,,,0.0642354,,20.0328,,Pan-STARRS1,2,,MJD,
57674.3654061695,i,,,0.114044,,20.5923,,Pan-STARRS1,2,,MJD,
58467.3075172562,i,,,0.107847,,20.1431,,Pan-STARRS1,2,,MJD,
58467.3191366199,i,,,0.159625,,20.033,,Pan-STARRS1,2,,MJD,
58467.3307738548,i,,,0.189825,,20.1855,,Pan-STARRS1,2,,MJD,
58467.3424588014,i,,,0.295871,,20.2665,,Pan-STARRS1,2,,MJD,
58496.2641117176,i,,,0.283081,,20.7247,,Pan-STARRS1,2,,MJD,
