time,band,bandset,e_fluxdensity,e_magnitude,fluxdensity,magnitude,system,telescope,source,u_fluxdensity,u_time,upperlimit
56589.4498928682,i,,,0.0645513,,20.0825,,Pan-STARRS1,2,,MJD,
56589.4498928682,i,,,0.0652693,,20.0867,,Pan-STARRS1,2,,MJD,
56589.4620800254,i,,,0.060645,,19.9878,,Pan-STARRS1,2,,MJD,
56589.4620800255,i,,,0.0596801,,19.985,,Pan-STARRS1,2,,MJD,
58464.214646854,w,,,0.213299,,21.7576,,Pan-STARRS1,2,,MJD,
58464.214646854,w,,,0.222194,,21.7856,,Pan-STARRS1,2,,MJD,
58464.2262797668,w,,,0.140086,,21.3879,,Pan-STARRS1,2,,MJD,
58464.2262797668,w,,,0.143164,,21.3969,,Pan-STARRS1,2,,MJD,
