time,band,bandset,e_fluxdensity,e_magnitude,fluxdensity,magnitude,system,telescope,source,u_fluxdensity,u_time,upperlimit
56710.5,,,,,,19.1,,,"2,3",,MJD,
56711.6149790246,r,,,0.093189,,19.1682,,Pan-STARRS1,2,,MJD,
56711.6149790246,r,,,0.0997444,,19.1722,,Pan-STARRS1,2,,MJD,
56711.6149790246,r,,,0.0974579,,19.1815,,Pan-STARRS1,2,,MJD,
56711.6149790246,r,,,0.0952398,,19.1817,,Pan-STARRS1,2,,MJD,
56711.6264103594,r,,,0.0894892,,19.0891,,Pan-STARRS1,2,,MJD,
56711.6264103594,r,,,0.0788345,,19.0912,,Pan-STARRS1,2,,MJD,
56711.6264103594,r,,,0.0897677,,19.0974,,Pan-STARRS1,2,,MJD,
56711.6264103594,r,,,0.087341,,19.0997,,Pan-STARRS1,2,,MJD,
