time,band,bandset,e_fluxdensity,e_magnitude,fluxdensity,magnitude,system,telescope,source,u_fluxdensity,u_time,upperlimit
56650.6109975277,i,,,0.149123,,19.6389,,Pan-STARRS1,2,,MJD,
56650.6109975277,i,,,0.146602,,19.6809,,Pan-STARRS1,2,,MJD,
56650.6240735506,i,,,0.156258,,19.6425,,Pan-STARRS1,2,,MJD,
56650.6240735506,i,,,0.15141,,19.6516,,Pan-STARRS1,2,,MJD,
56667.5772513435,g,,,0.205787,,20.3914,,Pan-STARRS1,2,,MJD,
56667.5772513435,g,,,0.212722,,20.3993,,Pan-STARRS1,2,,MJD,
56667.5898984391,g,,,0.135718,,20.4898,,Pan-STARRS1,2,,MJD,
56667.5898984391,g,,,0.112354,,20.5025,,Pan-STARRS1,2,,MJD,
