time,band,bandset,e_fluxdensity,e_magnitude,fluxdensity,magnitude,system,telescope,source,u_fluxdensity,u_time,upperlimit
56537.5,,,,,,19.8,,,"2,3",,MJD,
56538.5104804123,g,,,0.0843563,,19.8209,,Pan-STARRS1,2,,MJD,
56538.5219523171,g,,,0.0727668,,19.8608,,Pan-STARRS1,2,,MJD,
56557.4306995491,i,,,0.132674,,20.3394,,Pan-STARRS1,2,,MJD,
56557.4431059407,i,,,0.0722963,,20.1436,,Pan-STARRS1,2,,MJD,
56575.2653178787,r,,,0.124509,,20.7089,,Pan-STARRS1,2,,MJD,
56575.2767275992,r,,,0.122126,,20.5576,,Pan-STARRS1,2,,MJD,
56586.2237790842,i,,,0.131337,,21.1716,,Pan-STARRS1,2,,MJD,
56586.2362239766,i,,,0.105726,,20.9371,,Pan-STARRS1,2,,MJD,
