time,band,bandset,e_fluxdensity,e_magnitude,fluxdensity,magnitude,system,telescope,source,u_fluxdensity,u_time,upperlimit
57009.2121958798,w,,,0.0412709,,19.4451,,Pan-STARRS1,2,,MJD,
57009.2148271496,w,,,0.0478191,,19.4337,,Pan-STARRS1,2,,MJD,
57009.2242834174,w,,,0.0437501,,19.4159,,Pan-STARRS1,2,,MJD,
57009.2269224669,w,,,0.0470922,,19.4373,,Pan-STARRS1,2,,MJD,
57009.2363658435,w,,,0.0766851,,19.585,,Pan-STARRS1,2,,MJD,
57009.2389973756,w,,,0.0656874,,19.4742,,Pan-STARRS1,2,,MJD,
57009.248405654,w,,,0.0802057,,19.5518,,Pan-STARRS1,2,,MJD,
57009.2510388554,w,,,0.0841821,,19.5475,,Pan-STARRS1,2,,MJD,
