time,band,bandset,e_fluxdensity,e_magnitude,fluxdensity,magnitude,system,telescope,source,u_fluxdensity,u_time,upperlimit
56531.5185433226,i,,,0.17789,,19.8063,,Pan-STARRS1,2,,MJD,
56531.5185433226,i,,,0.219713,,20.1388,,Pan-STARRS1,2,,MJD,
56619.2577702794,i,,,0.130971,,19.7488,,Pan-STARRS1,2,,MJD,
56619.2577702794,i,,,0.153556,,19.9477,,Pan-STARRS1,2,,MJD,
56619.2705033943,i,,,0.165481,,19.7237,,Pan-STARRS1,2,,MJD,
58311.5513098784,w,,,0.166128,,21.5781,,Pan-STARRS1,2,,MJD,
58311.5623610172,w,,,0.147342,,21.5168,,Pan-STARRS1,2,,MJD,
58348.5562952142,w,,,0.249345,,21.7387,,Pan-STARRS1,2,,MJD,
58348.5562952142,w,,,0.292641,,21.8565,,Pan-STARRS1,2,,MJD,
