time,band,bandset,e_fluxdensity,e_magnitude,fluxdensity,magnitude,system,telescope,source,u_fluxdensity,u_time,upperlimit
56590.3639991731,r,,,0.113699,,20.0269,,Pan-STARRS1,2,,MJD,
56590.3639991731,r,,,0.0848308,,20.0741,,Pan-STARRS1,2,,MJD,
56590.3763277834,r,,,0.121245,,20.0172,,Pan-STARRS1,2,,MJD,
56590.3763277834,r,,,0.0931929,,20.0696,,Pan-STARRS1,2,,MJD,
56590.5211872732,i,,,0.0534459,,19.8432,,Pan-STARRS1,2,,MJD,
56590.5211872732,i,,,0.0598867,,19.8935,,Pan-STARRS1,2,,MJD,
56590.5337681446,i,,,0.0605373,,19.9164,,Pan-STARRS1,2,,MJD,
56590.5337681446,i,,,0.0687829,,19.9591,,Pan-STARRS1,2,,MJD,
