time,band,bandset,e_fluxdensity,e_magnitude,fluxdensity,magnitude,system,telescope,source,u_fluxdensity,u_time,upperlimit
56450.3882216121,g,,,0.0797811,,19.8087,,Pan-STARRS1,2,,MJD,
56450.3983664847,g,,,0.0974384,,19.8469,,Pan-STARRS1,2,,MJD,
56453.4188759248,g,,,0.0823085,,19.9939,,Pan-STARRS1,2,,MJD,
56453.4290420958,g,,,0.150655,,20.0515,,Pan-STARRS1,2,,MJD,
56458.352494325,r,,,0.159427,,20.1553,,Pan-STARRS1,2,,MJD,
56458.3623205641,r,,,0.0980785,,20.044,,Pan-STARRS1,2,,MJD,
56462.3689262509,r,,,0.099618,,20.3077,,Pan-STARRS1,2,,MJD,
56462.3785859038,r,,,0.120018,,20.274,,Pan-STARRS1,2,,MJD,
56467.3605582841,i,,,0.211085,,20.7032,,Pan-STARRS1,2,,MJD,
