time,band,bandset,e_fluxdensity,e_magnitude,fluxdensity,magnitude,system,telescope,source,u_fluxdensity,u_time,upperlimit
57006.2187883231,w,,,0.0918688,,19.7481,,Pan-STARRS1,2,,MJD,
57006.2291853926,w,,,0.0622267,,19.7511,,Pan-STARRS1,2,,MJD,
57006.2392913462,w,,,0.0760984,,19.7639,,Pan-STARRS1,2,,MJD,
57006.2493821583,w,,,0.0674137,,19.7204,,Pan-STARRS1,2,,MJD,
57226.5575739453,w,,,0.20608,,22.1502,,Pan-STARRS1,2,,MJD,
57226.5694434498,w,,,0.164356,,22.0557,,Pan-STARRS1,2,,MJD,
57226.581490771,w,,,0.13047,,21.9291,,Pan-STARRS1,2,,MJD,
57226.5934182325,w,,,0.181554,,22.0758,,Pan-STARRS1,2,,MJD,
