time,band,bandset,e_fluxdensity,e_magnitude,fluxdensity,magnitude,system,telescope,source,u_fluxdensity,u_time,upperlimit
56456.3229901665,r,,,0.0523549,,18.0865,,Pan-STARRS1,2,,MJD,
56456.3330685014,r,,,0.0465916,,18.0727,,Pan-STARRS1,2,,MJD,
56456.3437728146,g,,,0.0389175,,17.9688,,Pan-STARRS1,2,,MJD,
56456.3543504587,g,,,0.0391465,,17.9686,,Pan-STARRS1,2,,MJD,
56460.3797662851,i,,,0.0132312,,17.7298,,Pan-STARRS1,2,,MJD,
56469.3931104917,i,,,0.0208337,,17.5351,,Pan-STARRS1,2,,MJD,
56469.4041628074,i,,,0.0237737,,17.5216,,Pan-STARRS1,2,,MJD,
56523.2775003234,z,,,0.214328,,19.1543,,Pan-STARRS1,2,,MJD,
56526.2409975532,y,,,0.165506,,19.1646,,Pan-STARRS1,2,,MJD,
