time,band,bandset,e_fluxdensity,e_magnitude,fluxdensity,magnitude,system,telescope,source,u_fluxdensity,u_time,upperlimit
56549.5809077732,g,,,0.0436407,,18.9425,,Pan-STARRS1,2,,MJD,
56549.5931213647,g,,,0.0520116,,18.8867,,Pan-STARRS1,2,,MJD,
56550.5213004014,r,,,0.0531198,,18.7484,,Pan-STARRS1,2,,MJD,
56550.5330364272,r,,,0.0376069,,18.7608,,Pan-STARRS1,2,,MJD,
56589.2735372448,i,,,0.0277579,,18.5528,,Pan-STARRS1,2,,MJD,
56589.2855349454,i,,,0.0278281,,18.5608,,Pan-STARRS1,2,,MJD,
56640.303497571,z,,,0.0651542,,18.5355,,Pan-STARRS1,2,,MJD,
56651.21038419,y,,,0.164916,,18.8683,,Pan-STARRS1,2,,MJD,
