time,band,bandset,e_fluxdensity,e_magnitude,fluxdensity,magnitude,system,telescope,source,u_fluxdensity,u_time,upperlimit
56735.3383988254,r,,,0.0267275,,18.7544,,Pan-STARRS1,2,,MJD,
56735.3383988254,r,,,0.0295867,,18.7556,,Pan-STARRS1,2,,MJD,
56735.3504889714,r,,,0.0312929,,18.7417,,Pan-STARRS1,2,,MJD,
56735.3504889714,r,,,0.0335291,,18.7551,,Pan-STARRS1,2,,MJD,
56743.3572451341,g,,,0.0771552,,18.9584,,Pan-STARRS1,2,,MJD,
56743.3572451341,g,,,0.0765673,,18.9759,,Pan-STARRS1,2,,MJD,
56743.3704594383,g,,,0.0633959,,18.9135,,Pan-STARRS1,2,,MJD,
56743.3704594383,g,,,0.0617718,,18.9179,,Pan-STARRS1,2,,MJD,
