time,band,bandset,e_fluxdensity,e_magnitude,fluxdensity,magnitude,system,telescope,source,u_fluxdensity,u_time,upperlimit
56573.4719339474,g,,,0.140892,,19.6816,,Pan-STARRS1,2,,MJD,
56573.4725655128,g,,,0.155346,,19.6785,,Pan-STARRS1,2,,MJD,
56573.4841836745,g,,,0.180549,,19.4128,,Pan-STARRS1,2,,MJD,
56587.377871554,r,,,0.143452,,20.2246,,Pan-STARRS1,2,,MJD,
56587.389544305,r,,,0.158759,,20.2027,,Pan-STARRS1,2,,MJD,
56587.4024586814,i,,,0.144278,,20.5014,,Pan-STARRS1,2,,MJD,
58047.4366436195,w,,,0.210617,,21.5474,,Pan-STARRS1,2,,MJD,
58047.4502963731,w,,,0.303823,,21.6488,,Pan-STARRS1,2,,MJD,
58351.5663031983,w,,,0.235653,,21.2171,,Pan-STARRS1,2,,MJD,
