time,band,bandset,e_fluxdensity,e_magnitude,fluxdensity,magnitude,system,telescope,source,u_fluxdensity,u_time,upperlimit
57016.5,,,,,,21.0,,,"2,3",,MJD,
57017.5252708365,w,,,0.140606,,21.0167,,Pan-STARRS1,2,,MJD,
57017.5252708365,w,,,0.153244,,21.0171,,Pan-STARRS1,2,,MJD,
57017.5375997803,w,,,0.106231,,20.9331,,Pan-STARRS1,2,,MJD,
57017.5375997803,w,,,0.0922726,,20.9409,,Pan-STARRS1,2,,MJD,
57017.549892859,w,,,0.136855,,21.0276,,Pan-STARRS1,2,,MJD,
57017.549892859,w,,,0.118579,,21.0302,,Pan-STARRS1,2,,MJD,
57017.562273641,w,,,0.0902626,,21.0112,,Pan-STARRS1,2,,MJD,
57017.562273641,w,,,0.0785048,,21.0173,,Pan-STARRS1,2,,MJD,
