time,band,bandset,e_fluxdensity,e_magnitude,fluxdensity,magnitude,system,telescope,source,u_fluxdensity,u_time,upperlimit
57016.5,,,,,,20.7,,,"2,3",,MJD,
57017.5281444354,w,,,0.161853,,20.7819,,Pan-STARRS1,2,,MJD,
57017.528833292,w,,,0.15992,,20.767,,Pan-STARRS1,2,,MJD,
57017.5405084709,w,,,0.0767361,,20.7915,,Pan-STARRS1,2,,MJD,
57017.5411682143,w,,,0.0933119,,20.8364,,Pan-STARRS1,2,,MJD,
57017.5528856893,w,,,0.0950384,,20.8306,,Pan-STARRS1,2,,MJD,
57017.5535451234,w,,,0.11176,,20.8192,,Pan-STARRS1,2,,MJD,
57017.5652408842,w,,,0.144926,,20.828,,Pan-STARRS1,2,,MJD,
57017.5658986796,w,,,0.127062,,20.7026,,Pan-STARRS1,2,,MJD,
