time,band,bandset,e_fluxdensity,e_magnitude,fluxdensity,magnitude,system,telescope,source,u_fluxdensity,u_time,upperlimit
56697.6113917041,g,,,0.124255,,19.7523,,Pan-STARRS1,2,,MJD,
56697.6219050773,g,,,0.141971,,19.6782,,Pan-STARRS1,2,,MJD,
56709.6047741467,r,,,0.128129,,19.9848,,Pan-STARRS1,2,,MJD,
56709.6146077864,r,,,0.168677,,19.8394,,Pan-STARRS1,2,,MJD,
56733.5642790817,i,,,0.2399,,19.7197,,Pan-STARRS1,2,,MJD,
56733.576164469,i,,,0.180484,,19.7839,,Pan-STARRS1,2,,MJD,
56734.5470596133,i,,,0.237532,,19.7145,,Pan-STARRS1,2,,MJD,
56735.4671122235,r,,,0.129156,,20.1992,,Pan-STARRS1,2,,MJD,
56735.4781433184,r,,,0.136899,,20.094,,Pan-STARRS1,2,,MJD,
