time,band,bandset,e_fluxdensity,e_magnitude,fluxdensity,magnitude,system,telescope,source,u_fluxdensity,u_time,upperlimit
56715.4623774026,g,,,0.0605536,,20.0603,,Pan-STARRS1,2,,MJD,
56715.4623774026,g,,,0.0589079,,20.0657,,Pan-STARRS1,2,,MJD,
56715.4623774026,g,,,0.0530134,,20.0658,,Pan-STARRS1,2,,MJD,
56715.4623774026,g,,,0.058416,,20.0889,,Pan-STARRS1,2,,MJD,
56715.4742072741,g,,,0.0577278,,20.1496,,Pan-STARRS1,2,,MJD,
56715.4742072741,g,,,0.0565594,,20.1745,,Pan-STARRS1,2,,MJD,
56715.4742072741,g,,,0.0432931,,20.1762,,Pan-STARRS1,2,,MJD,
56715.4742072741,g,,,0.0475878,,20.2201,,Pan-STARRS1,2,,MJD,
