time,band,bandset,e_fluxdensity,e_magnitude,fluxdensity,magnitude,system,telescope,source,u_fluxdensity,u_time,upperlimit
56582.5941177872,r,,,0.144056,,20.1557,,Pan-STARRS1,2,,MJD,
56582.5941177872,r,,,0.143114,,20.1638,,Pan-STARRS1,2,,MJD,
56582.6056313994,r,,,0.139462,,20.2082,,Pan-STARRS1,2,,MJD,
56582.6056313994,r,,,0.147923,,20.211,,Pan-STARRS1,2,,MJD,
56641.4361391793,z,,,0.149282,,19.7771,,Pan-STARRS1,2,,MJD,
56641.4361391793,z,,,0.156034,,19.7819,,Pan-STARRS1,2,,MJD,
56641.447833944,z,,,0.144973,,20.023,,Pan-STARRS1,2,,MJD,
56641.447833944,z,,,0.140093,,20.0275,,Pan-STARRS1,2,,MJD,
