time,band,bandset,e_fluxdensity,e_magnitude,fluxdensity,magnitude,system,telescope,source,u_fluxdensity,u_time,upperlimit
57132.45626373,w,,,0.224589,,21.0655,,Pan-STARRS1,2,,MJD,
57132.4689796063,w,,,0.169842,,21.1156,,Pan-STARRS1,2,,MJD,
57132.48162858,w,,,0.185445,,20.9594,,Pan-STARRS1,2,,MJD,
57133.4647324273,w,,,0.210056,,21.0138,,Pan-STARRS1,2,,MJD,
57133.5413094205,w,,,0.18211,,21.1107,,Pan-STARRS1,2,,MJD,
57168.3224375252,i,,,0.141952,,20.9427,,Pan-STARRS1,2,,MJD,
57168.348182506,i,,,0.145314,,20.9002,,Pan-STARRS1,2,,MJD,
57168.3611388649,i,,,0.186946,,21.1579,,Pan-STARRS1,2,,MJD,
57205.3162046598,i,,,0.137555,,20.7174,,Pan-STARRS1,2,,MJD,
