time,band,bandset,e_fluxdensity,e_magnitude,fluxdensity,magnitude,system,telescope,source,u_fluxdensity,u_time,upperlimit
57240.3330505191,w,,,0.0164675,,18.7067,,Pan-STARRS1,4,,MJD,
57240.345045476,w,,,0.0176914,,18.7409,,Pan-STARRS1,4,,MJD,
57240.3571035034,w,,,0.0177459,,18.7417,,Pan-STARRS1,4,,MJD,
57240.3691051357,w,,,0.0179272,,18.7337,,Pan-STARRS1,4,,MJD,
57242.3335288309,w,,,0.0382875,,18.6186,,Pan-STARRS1,4,,MJD,
57242.3455175357,w,,,0.0340314,,18.6634,,Pan-STARRS1,4,,MJD,
57242.3574195375,w,,,0.0517653,,18.6079,,Pan-STARRS1,4,,MJD,
57242.3692963634,w,,,0.0320291,,18.6543,,Pan-STARRS1,4,,MJD,
57304.2118555848,z,,,0.123702,,19.661,,Pan-STARRS1,4,,MJD,
