time,band,bandset,e_fluxdensity,e_magnitude,fluxdensity,magnitude,system,telescope,source,u_fluxdensity,u_time,upperlimit
57303.4274502596,w,,,0.157906,,21.692,,Pan-STARRS1,2,,MJD,
57303.4392577401,w,,,0.200047,,21.6605,,Pan-STARRS1,2,,MJD,
57303.4510283956,w,,,0.139813,,21.5057,,Pan-STARRS1,2,,MJD,
57303.4627853306,w,,,0.12564,,21.5225,,Pan-STARRS1,2,,MJD,
57304.4242192516,w,,,0.116209,,21.5474,,Pan-STARRS1,2,,MJD,
57304.4359768514,w,,,0.105139,,21.4103,,Pan-STARRS1,2,,MJD,
57304.4477603636,w,,,0.103044,,21.5517,,Pan-STARRS1,2,,MJD,
57304.4595409109,w,,,0.114261,,21.6389,,Pan-STARRS1,2,,MJD,
