time,band,bandset,e_fluxdensity,e_magnitude,fluxdensity,magnitude,system,telescope,source,u_fluxdensity,u_time,upperlimit
57262.3802176589,i,,,0.074841,,18.4889,,Pan-STARRS1,"2,4",,MJD,
57262.3912856355,i,,,0.0505473,,18.4623,,Pan-STARRS1,"2,4",,MJD,
57262.4023828804,i,,,0.0459349,,18.4598,,Pan-STARRS1,"2,4",,MJD,
57262.4134765827,i,,,0.0574781,,18.4814,,Pan-STARRS1,"2,4",,MJD,
57271.4991675805,r,,,0.0195752,,18.1081,,Pan-STARRS1,"2,4",,MJD,
57271.5100503209,r,,,0.0266894,,18.0941,,Pan-STARRS1,"2,4",,MJD,
57271.5210448903,r,,,0.0271051,,18.0288,,Pan-STARRS1,"2,4",,MJD,
57271.5315253106,r,,,0.0253407,,18.0451,,Pan-STARRS1,"2,4",,MJD,
57323.365787549,i,,,0.279128,,20.3269,,Pan-STARRS1,"2,4",,MJD,
