time,band,bandset,e_fluxdensity,e_magnitude,fluxdensity,magnitude,system,telescope,source,u_fluxdensity,u_time,upperlimit
57303.4781678627,w,,,0.119735,,21.1772,,Pan-STARRS1,2,,MJD,
57303.4903007676,w,,,0.0866703,,21.0197,,Pan-STARRS1,2,,MJD,
57303.5024676025,w,,,0.0810544,,21.0391,,Pan-STARRS1,2,,MJD,
57303.514579405,w,,,0.0706781,,20.9889,,Pan-STARRS1,2,,MJD,
57304.4753616369,w,,,0.113999,,21.0037,,Pan-STARRS1,2,,MJD,
57304.4875528738,w,,,0.12805,,21.087,,Pan-STARRS1,2,,MJD,
57304.499660357,w,,,0.128046,,21.0075,,Pan-STARRS1,2,,MJD,
57304.5117857185,w,,,0.110036,,21.127,,Pan-STARRS1,2,,MJD,
