time,band,bandset,e_fluxdensity,e_magnitude,fluxdensity,magnitude,system,telescope,source,u_fluxdensity,u_time,upperlimit
57365.2157505611,w,,,0.0375016,,20.5488,,Pan-STARRS1,2,,MJD,
57365.2280076834,w,,,0.0373454,,20.5496,,Pan-STARRS1,2,,MJD,
57365.2403135705,w,,,0.0336743,,20.4831,,Pan-STARRS1,2,,MJD,
57365.252703115,w,,,0.0373196,,20.516,,Pan-STARRS1,2,,MJD,
57366.2133217045,w,,,0.13937,,20.5694,,Pan-STARRS1,2,,MJD,
57366.225296177,w,,,0.200515,,20.7842,,Pan-STARRS1,2,,MJD,
57366.2372480874,w,,,0.194977,,20.7041,,Pan-STARRS1,2,,MJD,
57366.2492555901,w,,,0.166984,,20.5631,,Pan-STARRS1,2,,MJD,
