time,band,bandset,e_fluxdensity,e_magnitude,fluxdensity,magnitude,system,telescope,source,u_fluxdensity,u_time,upperlimit
57159.3117893981,w,,,0.159272,,21.2907,,Pan-STARRS1,2,,MJD,
57159.3236287556,w,,,0.148342,,21.3923,,Pan-STARRS1,2,,MJD,
57160.3241017485,w,,,0.117643,,21.4032,,Pan-STARRS1,2,,MJD,
57160.337174567,w,,,0.185703,,21.4205,,Pan-STARRS1,2,,MJD,
57160.3502511028,w,,,0.155187,,21.2789,,Pan-STARRS1,2,,MJD,
57160.3633635143,w,,,0.226983,,21.3372,,Pan-STARRS1,2,,MJD,
57161.2775835501,w,,,0.15392,,21.1549,,Pan-STARRS1,2,,MJD,
57161.2898369139,w,,,0.160152,,21.3262,,Pan-STARRS1,2,,MJD,
57161.3143306545,w,,,0.164552,,21.2121,,Pan-STARRS1,2,,MJD,
