time,band,bandset,e_fluxdensity,e_magnitude,fluxdensity,magnitude,system,telescope,source,u_fluxdensity,u_time,upperlimit
57308.4145424432,w,,,0.121523,,20.4534,,Pan-STARRS1,"2,4",,MJD,
57308.4286924839,w,,,0.0889152,,20.3723,,Pan-STARRS1,"2,4",,MJD,
57308.4428095669,w,,,0.0985907,,20.474,,Pan-STARRS1,"2,4",,MJD,
57308.4569272804,w,,,0.0715811,,20.4189,,Pan-STARRS1,"2,4",,MJD,
57310.4618648692,w,,,0.0588671,,20.5104,,Pan-STARRS1,"2,4",,MJD,
57310.4759991436,w,,,0.0505792,,20.5409,,Pan-STARRS1,"2,4",,MJD,
57310.4901016168,w,,,0.042034,,20.6161,,Pan-STARRS1,"2,4",,MJD,
57310.5042337236,w,,,0.0767125,,20.5997,,Pan-STARRS1,"2,4",,MJD,
