time,band,bandset,e_fluxdensity,e_magnitude,fluxdensity,magnitude,system,telescope,source,u_fluxdensity,u_time,upperlimit
57314.5058915113,w,,,0.0537739,,20.5472,,Pan-STARRS1,2,,MJD,
57314.5170578668,w,,,0.0468035,,20.6435,,Pan-STARRS1,2,,MJD,
57314.528290708,w,,,0.0776218,,20.7036,,Pan-STARRS1,2,,MJD,
57314.539526606,w,,,0.0997359,,20.6069,,Pan-STARRS1,2,,MJD,
57400.3757793837,w,,,0.0951849,,20.8171,,Pan-STARRS1,2,,MJD,
57400.3885696501,w,,,0.0898087,,20.9265,,Pan-STARRS1,2,,MJD,
57400.4013087041,w,,,0.0822578,,20.9745,,Pan-STARRS1,2,,MJD,
57400.4140087296,w,,,0.0916195,,21.0259,,Pan-STARRS1,2,,MJD,
