time,band,bandset,e_fluxdensity,e_magnitude,fluxdensity,magnitude,system,telescope,source,u_fluxdensity,u_time,upperlimit
57212.3046805531,w,,,0.0305472,,19.9785,,Pan-STARRS1,2,,MJD,
57212.3171749094,w,,,0.0348097,,19.9629,,Pan-STARRS1,2,,MJD,
57212.3298250608,w,,,0.0451938,,19.8835,,Pan-STARRS1,2,,MJD,
57212.3425119223,w,,,0.0352691,,19.9794,,Pan-STARRS1,2,,MJD,
57215.3058604848,w,,,0.0287854,,19.9593,,Pan-STARRS1,2,,MJD,
57215.3186044599,w,,,0.0263195,,19.9558,,Pan-STARRS1,2,,MJD,
57215.3312171213,w,,,0.0307041,,19.966,,Pan-STARRS1,2,,MJD,
57215.3438116241,w,,,0.0279829,,19.9553,,Pan-STARRS1,2,,MJD,
