time,band,bandset,e_fluxdensity,e_magnitude,fluxdensity,magnitude,system,telescope,source,u_fluxdensity,u_time,upperlimit
57344.2948930569,r,,,0.0736593,,20.2607,,Pan-STARRS1,2,,MJD,
57344.294893057,r,,,0.0723716,,20.2698,,Pan-STARRS1,2,,MJD,
57344.3052096901,r,,,0.0841108,,20.2772,,Pan-STARRS1,2,,MJD,
57344.3052096901,r,,,0.0831672,,20.2934,,Pan-STARRS1,2,,MJD,
57344.3259237712,r,,,0.0991788,,20.1929,,Pan-STARRS1,2,,MJD,
57344.3259237712,r,,,0.0955973,,20.1947,,Pan-STARRS1,2,,MJD,
57370.3694821829,w,,,0.11414,,21.165,,Pan-STARRS1,2,,MJD,
57370.3694821829,w,,,0.111399,,21.1947,,Pan-STARRS1,2,,MJD,
