time,band,bandset,e_fluxdensity,e_magnitude,fluxdensity,magnitude,system,telescope,source,u_fluxdensity,u_time,upperlimit
57200.5243593218,w,,,0.0930154,,21.4694,,Pan-STARRS1,2,,MJD,
57200.5368418883,w,,,0.080268,,21.3961,,Pan-STARRS1,2,,MJD,
57200.5492879325,w,,,0.0762691,,21.3877,,Pan-STARRS1,2,,MJD,
57200.561726051,w,,,0.0745032,,21.3959,,Pan-STARRS1,2,,MJD,
57222.4198849787,w,,,0.161147,,21.8279,,Pan-STARRS1,2,,MJD,
57222.4325332523,w,,,0.214729,,22.3816,,Pan-STARRS1,2,,MJD,
57222.4452930754,w,,,0.178723,,22.0411,,Pan-STARRS1,2,,MJD,
57222.4579569423,w,,,0.188333,,22.0947,,Pan-STARRS1,2,,MJD,
