time,band,bandset,e_fluxdensity,e_magnitude,fluxdensity,magnitude,system,telescope,source,u_fluxdensity,u_time,upperlimit
57202.3829112709,i,,,0.0811269,,19.9208,,Pan-STARRS1,2,,MJD,
57202.3951540306,i,,,0.119163,,19.9007,,Pan-STARRS1,2,,MJD,
57202.4074117737,i,,,0.10557,,19.979,,Pan-STARRS1,2,,MJD,
57202.419683861,i,,,0.0845426,,19.931,,Pan-STARRS1,2,,MJD,
57203.3852080131,i,,,0.109567,,19.8918,,Pan-STARRS1,2,,MJD,
57203.3974704325,i,,,0.0945951,,19.8469,,Pan-STARRS1,2,,MJD,
57203.4097397429,i,,,0.1353,,19.9312,,Pan-STARRS1,2,,MJD,
57203.4220421108,i,,,0.105162,,19.8375,,Pan-STARRS1,2,,MJD,
