time,band,bandset,e_fluxdensity,e_magnitude,fluxdensity,magnitude,system,telescope,source,u_fluxdensity,u_time,upperlimit
57264.2944219808,i,,,0.0847087,,18.3009,,Pan-STARRS1,"1,3",,MJD,
57264.2944219808,i,,,0.0901024,,18.3071,,Pan-STARRS1,"1,3",,MJD,
57264.3041425202,i,,,0.0915634,,18.2572,,Pan-STARRS1,"1,3",,MJD,
57264.3041425202,i,,,0.0971544,,18.2574,,Pan-STARRS1,"1,3",,MJD,
57264.3138228516,i,,,0.0700102,,18.273,,Pan-STARRS1,"1,3",,MJD,
57264.3138228516,i,,,0.0720095,,18.2757,,Pan-STARRS1,"1,3",,MJD,
57264.3235125509,i,,,0.0714027,,18.3318,,Pan-STARRS1,"1,3",,MJD,
57264.3235125509,i,,,0.078172,,18.3355,,Pan-STARRS1,"1,3",,MJD,
