time,band,bandset,e_fluxdensity,e_magnitude,fluxdensity,magnitude,system,telescope,source,u_fluxdensity,u_time,upperlimit
57304.2837843271,w,,,0.0644546,,20.0132,,Pan-STARRS1,"2,4",,MJD,
57304.2954405878,w,,,0.0410916,,19.9555,,Pan-STARRS1,"2,4",,MJD,
57304.3070933182,w,,,0.0591504,,19.9764,,Pan-STARRS1,"2,4",,MJD,
57304.3207722913,w,,,0.0487951,,19.9335,,Pan-STARRS1,"2,4",,MJD,
57305.2955026575,w,,,0.0446839,,19.9765,,Pan-STARRS1,"2,4",,MJD,
57305.3064532051,w,,,0.0457724,,19.953,,Pan-STARRS1,"2,4",,MJD,
57305.3173985473,w,,,0.0730954,,19.9383,,Pan-STARRS1,"2,4",,MJD,
57305.328367861,w,,,0.0904484,,19.9333,,Pan-STARRS1,"2,4",,MJD,
