time,band,bandset,e_fluxdensity,e_magnitude,fluxdensity,magnitude,system,telescope,source,u_fluxdensity,u_time,upperlimit
57203.4972256374,i,,,0.114792,,20.2028,,Pan-STARRS1,2,,MJD,
57203.5100260032,i,,,0.117324,,20.1081,,Pan-STARRS1,2,,MJD,
57203.5228235335,i,,,0.140055,,20.1716,,Pan-STARRS1,2,,MJD,
57203.5355752837,i,,,0.117442,,20.1037,,Pan-STARRS1,2,,MJD,
57205.5005538464,i,,,0.126145,,20.2949,,Pan-STARRS1,2,,MJD,
57205.513216569,i,,,0.136804,,20.2729,,Pan-STARRS1,2,,MJD,
57205.5260554499,i,,,0.13822,,20.3564,,Pan-STARRS1,2,,MJD,
57205.5387949161,i,,,0.108145,,20.2325,,Pan-STARRS1,2,,MJD,
