time,band,bandset,e_fluxdensity,e_magnitude,fluxdensity,magnitude,system,telescope,source,u_fluxdensity,u_time,upperlimit
57163.2722766437,w,,,0.0185093,,18.8215,,Pan-STARRS1,3,,MJD,
57163.2865737318,w,,,0.0247991,,18.845,,Pan-STARRS1,3,,MJD,
57163.3009002912,w,,,0.0336722,,18.8936,,Pan-STARRS1,3,,MJD,
57163.3152578325,w,,,0.0176782,,18.821,,Pan-STARRS1,3,,MJD,
57164.2816241272,i,,,0.0446064,,18.9367,,Pan-STARRS1,3,,MJD,
57164.2942323879,i,,,0.0434791,,18.9138,,Pan-STARRS1,3,,MJD,
57164.3068037057,i,,,0.0622059,,18.9585,,Pan-STARRS1,3,,MJD,
57164.3193581957,i,,,0.0625184,,19.0023,,Pan-STARRS1,3,,MJD,
