time,band,bandset,e_fluxdensity,e_magnitude,fluxdensity,magnitude,system,telescope,source,u_fluxdensity,u_time,upperlimit
57328.2705154918,w,,,0.109689,,21.4656,,Pan-STARRS1,2,,MJD,
57328.2816641672,w,,,0.104668,,21.2025,,Pan-STARRS1,2,,MJD,
57328.2928417745,w,,,0.118813,,21.4929,,Pan-STARRS1,2,,MJD,
57328.3040162966,w,,,0.125656,,21.3926,,Pan-STARRS1,2,,MJD,
57365.2144656767,w,,,0.108002,,21.3761,,Pan-STARRS1,2,,MJD,
57365.2267157043,w,,,0.107216,,21.5047,,Pan-STARRS1,2,,MJD,
57365.2390154168,w,,,0.0840721,,21.274,,Pan-STARRS1,2,,MJD,
57365.2513803593,w,,,0.0840397,,21.3241,,Pan-STARRS1,2,,MJD,
