time,band,bandset,e_fluxdensity,e_magnitude,fluxdensity,magnitude,system,telescope,source,u_fluxdensity,u_time,upperlimit
57288.4338262369,i,,,0.0396814,,19.0699,,Pan-STARRS1,2,,MJD,
57288.4460523013,i,,,0.04036,,19.1139,,Pan-STARRS1,2,,MJD,
57288.4582198136,i,,,0.0477264,,19.1214,,Pan-STARRS1,2,,MJD,
57288.470380208,i,,,0.0369044,,19.0748,,Pan-STARRS1,2,,MJD,
57290.4922047808,i,,,0.200905,,19.3141,,Pan-STARRS1,2,,MJD,
57290.5038965001,i,,,0.237611,,19.5551,,Pan-STARRS1,2,,MJD,
57290.5155760004,i,,,0.163138,,19.2221,,Pan-STARRS1,2,,MJD,
57290.5284814858,i,,,0.191666,,19.3634,,Pan-STARRS1,2,,MJD,
