time,band,bandset,e_fluxdensity,e_magnitude,fluxdensity,magnitude,system,telescope,source,u_fluxdensity,u_time,upperlimit
57163.606590652,z,,,0.108095,,19.2992,,Pan-STARRS1,2,,MJD,
57163.6154733385,z,,,0.0791844,,19.2638,,Pan-STARRS1,2,,MJD,
57180.529426252,r,,,0.163416,,20.7816,,Pan-STARRS1,2,,MJD,
57180.5408744084,r,,,0.152544,,20.4886,,Pan-STARRS1,2,,MJD,
57181.4981297414,i,,,0.180836,,20.1974,,Pan-STARRS1,2,,MJD,
57181.5096956702,i,,,0.186548,,20.1113,,Pan-STARRS1,2,,MJD,
57181.5213807943,i,,,0.160954,,20.206,,Pan-STARRS1,2,,MJD,
57181.5329619533,i,,,0.0988577,,20.1648,,Pan-STARRS1,2,,MJD,
