time,band,bandset,e_fluxdensity,e_magnitude,fluxdensity,magnitude,system,telescope,source,u_fluxdensity,u_time,upperlimit
57071.2876557158,w,,,0.159291,,20.7235,,Pan-STARRS1,2,,MJD,
57071.3006162284,w,,,0.173766,,20.6801,,Pan-STARRS1,2,,MJD,
57071.3133956409,w,,,0.182269,,20.6647,,Pan-STARRS1,2,,MJD,
57071.3261453165,w,,,0.143692,,20.7033,,Pan-STARRS1,2,,MJD,
57072.2894639786,w,,,0.0717643,,20.4275,,Pan-STARRS1,2,,MJD,
57072.3023926265,w,,,0.0649848,,20.3779,,Pan-STARRS1,2,,MJD,
57072.3151607122,w,,,0.0490785,,20.5155,,Pan-STARRS1,2,,MJD,
57072.328017869,w,,,0.0428348,,20.3815,,Pan-STARRS1,2,,MJD,
