time,band,bandset,e_fluxdensity,e_magnitude,fluxdensity,magnitude,system,telescope,source,u_fluxdensity,u_time,upperlimit
57365.2610861017,w,,,0.0891668,,21.5748,,Pan-STARRS1,2,,MJD,
57365.2610861017,w,,,0.0770399,,21.5845,,Pan-STARRS1,2,,MJD,
57365.2733608611,w,,,0.0813231,,21.6879,,Pan-STARRS1,2,,MJD,
57365.2733608611,w,,,0.0884328,,21.7172,,Pan-STARRS1,2,,MJD,
57365.2856017646,w,,,0.0934808,,21.5444,,Pan-STARRS1,2,,MJD,
57365.2856017646,w,,,0.0804275,,21.5966,,Pan-STARRS1,2,,MJD,
57365.2979149642,w,,,0.0921133,,21.4426,,Pan-STARRS1,2,,MJD,
57365.2979149642,w,,,0.0848248,,21.5158,,Pan-STARRS1,2,,MJD,
