time,band,bandset,e_fluxdensity,e_magnitude,fluxdensity,magnitude,system,telescope,source,u_fluxdensity,u_time,upperlimit
57184.4093595273,g,,,0.0566435,,19.5384,,Pan-STARRS1,2,,MJD,
57184.4213635075,g,,,0.0669115,,19.5707,,Pan-STARRS1,2,,MJD,
57184.4332964462,g,,,0.0756462,,19.5471,,Pan-STARRS1,2,,MJD,
57184.44526946,g,,,0.12147,,19.5185,,Pan-STARRS1,2,,MJD,
57185.4313183137,g,,,0.0498777,,19.6887,,Pan-STARRS1,2,,MJD,
57185.4432868781,g,,,0.0387571,,19.5629,,Pan-STARRS1,2,,MJD,
57185.4555219623,g,,,0.0517747,,19.5689,,Pan-STARRS1,2,,MJD,
57185.4679016831,g,,,0.0647675,,19.6204,,Pan-STARRS1,2,,MJD,
