time,band,bandset,e_fluxdensity,e_magnitude,fluxdensity,magnitude,system,telescope,source,u_fluxdensity,u_time,upperlimit
57274.3155817688,w,,,0.0546351,,21.1259,,Pan-STARRS1,2,,MJD,
57274.3277970365,w,,,0.0778602,,21.0911,,Pan-STARRS1,2,,MJD,
57274.3398961974,w,,,0.0671851,,21.1261,,Pan-STARRS1,2,,MJD,
57274.3519578317,w,,,0.053873,,21.1211,,Pan-STARRS1,2,,MJD,
57275.3140379198,w,,,0.0665629,,21.158,,Pan-STARRS1,2,,MJD,
57277.3436962976,w,,,0.0596926,,21.0401,,Pan-STARRS1,2,,MJD,
57277.355553351,w,,,0.0558284,,20.9769,,Pan-STARRS1,2,,MJD,
57277.3674070066,w,,,0.0480459,,21.0369,,Pan-STARRS1,2,,MJD,
57277.37928846,w,,,0.0569127,,21.0059,,Pan-STARRS1,2,,MJD,
