time,band,bandset,e_fluxdensity,e_magnitude,fluxdensity,magnitude,system,telescope,source,u_fluxdensity,u_time,upperlimit
57229.5000973903,w,,,0.073835,,20.7903,,Pan-STARRS1,2,,MJD,
57229.5103818247,w,,,0.0708021,,20.6948,,Pan-STARRS1,2,,MJD,
57229.520609128,w,,,0.0768296,,20.7498,,Pan-STARRS1,2,,MJD,
57229.5309511703,w,,,0.0774017,,20.7788,,Pan-STARRS1,2,,MJD,
57230.5450784028,w,,,0.0831863,,20.7318,,Pan-STARRS1,2,,MJD,
57230.5557220768,w,,,0.0828008,,20.7899,,Pan-STARRS1,2,,MJD,
57230.5662720283,w,,,0.0833138,,20.8582,,Pan-STARRS1,2,,MJD,
57230.576750489,w,,,0.111508,,20.6976,,Pan-STARRS1,2,,MJD,
