time,band,bandset,e_fluxdensity,e_magnitude,fluxdensity,magnitude,system,telescope,source,u_fluxdensity,u_time,upperlimit
57072.5,,,,,,16.8,,,"4,6",,MJD,
57106.3802477531,i,,,0.00935383,,16.9012,,Pan-STARRS1,"2,5",,MJD,
57106.3920090496,i,,,0.0161671,,16.8971,,Pan-STARRS1,"2,5",,MJD,
57106.4037687192,i,,,0.0203535,,16.8914,,Pan-STARRS1,"2,5",,MJD,
57106.4155436448,i,,,0.0169658,,16.9079,,Pan-STARRS1,"2,5",,MJD,
57135.2679625124,r,,,0.0142299,,17.1311,,Pan-STARRS1,"2,5",,MJD,
57135.2791884174,r,,,0.0140684,,17.1201,,Pan-STARRS1,"2,5",,MJD,
57135.2903968482,r,,,0.0110375,,17.1407,,Pan-STARRS1,"2,5",,MJD,
57166.2548844651,z,,,0.032722,,16.9884,,Pan-STARRS1,"2,5",,MJD,
