time,band,bandset,e_fluxdensity,e_magnitude,fluxdensity,magnitude,system,telescope,source,u_fluxdensity,u_time,upperlimit
57215.4522766614,w,,,0.127407,,21.3069,,Pan-STARRS1,2,,MJD,
57215.4557592661,w,,,0.0974512,,21.3657,,Pan-STARRS1,2,,MJD,
57215.4651210406,w,,,0.0884073,,21.2826,,Pan-STARRS1,2,,MJD,
57215.4685471427,w,,,0.0865783,,21.3434,,Pan-STARRS1,2,,MJD,
57215.4779712292,w,,,0.0855175,,21.2521,,Pan-STARRS1,2,,MJD,
57215.4813881689,w,,,0.115553,,21.3674,,Pan-STARRS1,2,,MJD,
57215.4908470618,w,,,0.122249,,21.2221,,Pan-STARRS1,2,,MJD,
57215.494169148,w,,,0.148375,,21.3787,,Pan-STARRS1,2,,MJD,
