time,band,bandset,e_fluxdensity,e_magnitude,fluxdensity,magnitude,system,telescope,source,u_fluxdensity,u_time,upperlimit
57159.2636976558,w,,,0.098742,,20.4602,,Pan-STARRS1,2,,MJD,
57159.2753022583,w,,,0.100814,,20.4501,,Pan-STARRS1,2,,MJD,
57159.2869052603,w,,,0.0895958,,20.4546,,Pan-STARRS1,2,,MJD,
57159.2985217064,w,,,0.104482,,20.4644,,Pan-STARRS1,2,,MJD,
57160.2852142128,w,,,0.0451765,,20.3889,,Pan-STARRS1,2,,MJD,
57160.2964477874,w,,,0.0488449,,20.3987,,Pan-STARRS1,2,,MJD,
57160.3076491532,w,,,0.0499884,,20.342,,Pan-STARRS1,2,,MJD,
57160.3188605445,w,,,0.0586687,,20.3732,,Pan-STARRS1,2,,MJD,
