time,band,bandset,e_fluxdensity,e_magnitude,fluxdensity,magnitude,system,telescope,source,u_fluxdensity,u_time,upperlimit
57172.2867627591,i,,,0.0385583,,19.636,,Pan-STARRS1,2,,MJD,
57172.2867627591,i,,,0.038176,,19.6398,,Pan-STARRS1,2,,MJD,
57172.29773384,i,,,0.0485458,,19.7199,,Pan-STARRS1,2,,MJD,
57172.29773384,i,,,0.049525,,19.7307,,Pan-STARRS1,2,,MJD,
57172.308714938,i,,,0.0434129,,19.6945,,Pan-STARRS1,2,,MJD,
57172.308714938,i,,,0.042384,,19.6968,,Pan-STARRS1,2,,MJD,
57172.3197034149,i,,,0.0428769,,19.6609,,Pan-STARRS1,2,,MJD,
57172.3197034149,i,,,0.0438284,,19.6724,,Pan-STARRS1,2,,MJD,
