time,band,bandset,e_fluxdensity,e_magnitude,fluxdensity,magnitude,system,telescope,source,u_fluxdensity,u_time,upperlimit
57307.3148040572,w,,,0.162353,,21.5142,,Pan-STARRS1,2,,MJD,
57307.3148040572,w,,,0.159695,,21.6462,,Pan-STARRS1,2,,MJD,
57307.3257664327,w,,,0.169902,,21.3101,,Pan-STARRS1,2,,MJD,
57307.3257664327,w,,,0.166901,,21.4231,,Pan-STARRS1,2,,MJD,
57308.3284634476,w,,,0.164945,,21.4963,,Pan-STARRS1,2,,MJD,
57308.3284634476,w,,,0.171127,,21.4999,,Pan-STARRS1,2,,MJD,
57308.3396044682,w,,,0.222181,,21.5775,,Pan-STARRS1,2,,MJD,
57308.3507068949,w,,,0.184585,,21.6073,,Pan-STARRS1,2,,MJD,
57308.3507068949,w,,,0.193495,,21.6508,,Pan-STARRS1,2,,MJD,
