time,band,bandset,e_fluxdensity,e_magnitude,fluxdensity,magnitude,system,telescope,source,u_fluxdensity,u_time,upperlimit
57361.5635832,r,,,0.119884,,20.7344,,Pan-STARRS1,2,,MJD,
57361.5765494775,r,,,0.0938328,,20.8547,,Pan-STARRS1,2,,MJD,
57361.5897440404,r,,,0.097165,,20.762,,Pan-STARRS1,2,,MJD,
57361.6027845911,r,,,0.156179,,20.8935,,Pan-STARRS1,2,,MJD,
57362.5585660053,r,,,0.101373,,21.0592,,Pan-STARRS1,2,,MJD,
57362.5705547202,r,,,0.105938,,20.9883,,Pan-STARRS1,2,,MJD,
57362.582309639,r,,,0.130231,,21.0187,,Pan-STARRS1,2,,MJD,
57362.5943167786,r,,,0.0871868,,20.9899,,Pan-STARRS1,2,,MJD,
