time,band,bandset,e_fluxdensity,e_magnitude,fluxdensity,magnitude,system,telescope,source,u_fluxdensity,u_time,upperlimit
57297.3900665497,i,,,0.0560366,,19.747,,Pan-STARRS1,2,,MJD,
57297.4020257586,i,,,0.0584478,,19.6727,,Pan-STARRS1,2,,MJD,
57297.4139961056,i,,,0.0632593,,19.6831,,Pan-STARRS1,2,,MJD,
57297.4260774455,i,,,0.0750442,,19.7411,,Pan-STARRS1,2,,MJD,
57298.3667595611,i,,,0.0584923,,19.6974,,Pan-STARRS1,2,,MJD,
57298.3788502743,i,,,0.0814915,,19.739,,Pan-STARRS1,2,,MJD,
57298.3908605068,i,,,0.0552072,,19.7144,,Pan-STARRS1,2,,MJD,
57298.4028425574,i,,,0.0823187,,19.6996,,Pan-STARRS1,2,,MJD,
