time,band,bandset,e_fluxdensity,e_magnitude,fluxdensity,magnitude,system,telescope,source,u_fluxdensity,u_time,upperlimit
57101.480041558,w,,,0.159588,,21.0993,,Pan-STARRS1,2,,MJD,
57101.4906086344,w,,,0.178031,,21.1407,,Pan-STARRS1,2,,MJD,
57101.5011883126,w,,,0.101225,,21.0769,,Pan-STARRS1,2,,MJD,
57101.5378794306,w,,,0.163766,,20.8938,,Pan-STARRS1,2,,MJD,
57102.4325091046,w,,,0.142546,,20.9991,,Pan-STARRS1,2,,MJD,
57102.4430498369,w,,,0.16825,,21.0966,,Pan-STARRS1,2,,MJD,
57102.4535953997,w,,,0.148261,,21.0403,,Pan-STARRS1,2,,MJD,
57102.4641217385,w,,,0.152416,,21.0402,,Pan-STARRS1,2,,MJD,
