time,band,bandset,e_fluxdensity,e_magnitude,fluxdensity,magnitude,system,telescope,source,u_fluxdensity,u_time,upperlimit
57124.2662470434,w,,,0.069416,,19.8151,,Pan-STARRS1,2,,MJD,
57124.2776553716,w,,,0.0755484,,19.8587,,Pan-STARRS1,2,,MJD,
57124.2890544534,w,,,0.0521283,,19.7929,,Pan-STARRS1,2,,MJD,
57124.3005436631,w,,,0.0492711,,19.7809,,Pan-STARRS1,2,,MJD,
57125.2918844916,w,,,0.02053,,19.7818,,Pan-STARRS1,2,,MJD,
57125.3036795794,w,,,0.0197469,,19.7606,,Pan-STARRS1,2,,MJD,
57125.3154116898,w,,,0.019332,,19.7494,,Pan-STARRS1,2,,MJD,
57125.327087766,w,,,0.018215,,19.7154,,Pan-STARRS1,2,,MJD,
