time,band,bandset,e_fluxdensity,e_magnitude,fluxdensity,magnitude,system,telescope,source,u_fluxdensity,u_time,upperlimit
57357.2586371256,w,,,0.0461903,,20.1177,,Pan-STARRS1,2,,MJD,
57357.2691449937,w,,,0.0467533,,20.1291,,Pan-STARRS1,2,,MJD,
57357.2796581485,w,,,0.039027,,20.0845,,Pan-STARRS1,2,,MJD,
57357.2901602513,w,,,0.0423078,,20.1023,,Pan-STARRS1,2,,MJD,
57370.2139135796,w,,,0.0980588,,20.8966,,Pan-STARRS1,2,,MJD,
57370.2259439715,w,,,0.0756822,,20.9475,,Pan-STARRS1,2,,MJD,
57370.2379698822,w,,,0.0823759,,20.8787,,Pan-STARRS1,2,,MJD,
57370.2500091702,w,,,0.0926028,,20.8809,,Pan-STARRS1,2,,MJD,
