time,band,bandset,e_fluxdensity,e_magnitude,fluxdensity,magnitude,system,telescope,source,u_fluxdensity,u_time,upperlimit
57157.4286727789,w,,,0.0540551,,19.4671,,Pan-STARRS1,2,,MJD,
57157.440733276,w,,,0.0689041,,19.4725,,Pan-STARRS1,2,,MJD,
57157.4528175257,w,,,0.0650992,,19.4802,,Pan-STARRS1,2,,MJD,
57157.4650092554,w,,,0.059563,,19.4444,,Pan-STARRS1,2,,MJD,
57160.4279639138,w,,,0.0341933,,19.4403,,Pan-STARRS1,2,,MJD,
57160.4402589182,w,,,0.0414519,,19.4615,,Pan-STARRS1,2,,MJD,
57160.45256159,w,,,0.0432533,,19.488,,Pan-STARRS1,2,,MJD,
57160.4648606438,w,,,0.0345075,,19.4027,,Pan-STARRS1,2,,MJD,
