time,band,bandset,e_fluxdensity,e_magnitude,fluxdensity,magnitude,system,telescope,source,u_fluxdensity,u_time,upperlimit
57254.5,,,,,,20.8,,,"2,3",,MJD,
57255.559441995,w,,,0.0519605,,20.7474,,Pan-STARRS1,2,,MJD,
57255.559441995,w,,,0.0500928,,20.7475,,Pan-STARRS1,2,,MJD,
57255.5713824272,w,,,0.0498138,,20.7502,,Pan-STARRS1,2,,MJD,
57255.5713824272,w,,,0.0523388,,20.7662,,Pan-STARRS1,2,,MJD,
57255.5833488009,w,,,0.0818623,,20.8093,,Pan-STARRS1,2,,MJD,
57255.5833488009,w,,,0.0813776,,20.8297,,Pan-STARRS1,2,,MJD,
57255.5953351581,w,,,0.100508,,20.7767,,Pan-STARRS1,2,,MJD,
57255.5953351581,w,,,0.102734,,20.7792,,Pan-STARRS1,2,,MJD,
