time,band,bandset,e_fluxdensity,e_magnitude,fluxdensity,magnitude,system,telescope,source,u_fluxdensity,u_time,upperlimit
57245.2820872693,g,,,0.0229639,,18.7399,,Pan-STARRS1,2,,MJD,
57245.2925706855,g,,,0.0301298,,18.7556,,Pan-STARRS1,2,,MJD,
57245.3028633288,g,,,0.0244851,,18.8611,,Pan-STARRS1,2,,MJD,
57245.3135007731,g,,,0.0354066,,18.8586,,Pan-STARRS1,2,,MJD,
57246.2868615078,g,,,0.027852,,19.0439,,Pan-STARRS1,2,,MJD,
57246.2976012365,g,,,0.0576875,,18.9603,,Pan-STARRS1,2,,MJD,
57246.3079718364,g,,,0.0265779,,18.8722,,Pan-STARRS1,2,,MJD,
57246.3182862634,g,,,0.027952,,19.037,,Pan-STARRS1,2,,MJD,
