time,band,bandset,e_fluxdensity,e_magnitude,fluxdensity,magnitude,system,telescope,source,u_fluxdensity,u_time,upperlimit
57070.448384678,w,,,0.145441,,20.9775,,Pan-STARRS1,2,,MJD,
57070.4591524609,w,,,0.119093,,20.8449,,Pan-STARRS1,2,,MJD,
57070.4700123068,w,,,0.131544,,20.927,,Pan-STARRS1,2,,MJD,
57070.4808697826,w,,,0.121025,,20.9616,,Pan-STARRS1,2,,MJD,
57071.4448938365,w,,,0.139202,,21.1235,,Pan-STARRS1,2,,MJD,
57071.4559744554,w,,,0.0953578,,20.9783,,Pan-STARRS1,2,,MJD,
57071.4667668449,w,,,0.104494,,20.9042,,Pan-STARRS1,2,,MJD,
57071.4775715503,w,,,0.0881561,,21.007,,Pan-STARRS1,2,,MJD,
57105.5775336389,w,,,0.205957,,21.4999,,Pan-STARRS1,2,,MJD,
