time,band,bandset,e_fluxdensity,e_magnitude,fluxdensity,magnitude,system,telescope,source,u_fluxdensity,u_time,upperlimit
57327.4802667251,i,,,0.0993633,,19.5027,,Pan-STARRS1,2,,MJD,
57327.4929532466,i,,,0.125628,,19.6129,,Pan-STARRS1,2,,MJD,
57327.5056221248,i,,,0.12167,,19.7197,,Pan-STARRS1,2,,MJD,
57327.5183764943,i,,,0.110938,,19.804,,Pan-STARRS1,2,,MJD,
57328.4896524641,i,,,0.0568573,,19.6798,,Pan-STARRS1,2,,MJD,
57328.5024188831,i,,,0.0935793,,19.5611,,Pan-STARRS1,2,,MJD,
57328.5152128493,i,,,0.0828403,,19.6889,,Pan-STARRS1,2,,MJD,
57328.527968137,i,,,0.0678798,,19.5851,,Pan-STARRS1,2,,MJD,
