time,band,bandset,e_fluxdensity,e_magnitude,fluxdensity,magnitude,system,telescope,source,u_fluxdensity,u_time,upperlimit
57344.2579235124,r,,,0.0547979,,18.882,,Pan-STARRS1,2,,MJD,
57344.2579235124,r,,,0.0519259,,18.923,,Pan-STARRS1,2,,MJD,
57344.2677960149,r,,,0.0538637,,18.8469,,Pan-STARRS1,2,,MJD,
57344.2677960149,r,,,0.0470318,,18.9145,,Pan-STARRS1,2,,MJD,
57344.277427297,r,,,0.0397313,,18.8245,,Pan-STARRS1,2,,MJD,
57344.277427297,r,,,0.0342552,,18.8991,,Pan-STARRS1,2,,MJD,
57344.287059092,r,,,0.0504829,,18.8253,,Pan-STARRS1,2,,MJD,
57344.287059092,r,,,0.0463067,,18.931,,Pan-STARRS1,2,,MJD,
