time,band,bandset,e_fluxdensity,e_magnitude,fluxdensity,magnitude,system,telescope,source,u_fluxdensity,u_time,upperlimit
57204.3318030826,i,,,0.139054,,20.8868,,Pan-STARRS1,2,,MJD,
57204.3427925878,i,,,0.221703,,21.0132,,Pan-STARRS1,2,,MJD,
57204.3538260408,i,,,0.184492,,20.8252,,Pan-STARRS1,2,,MJD,
57205.3368888418,i,,,0.166223,,20.8616,,Pan-STARRS1,2,,MJD,
57205.3479173503,i,,,0.159295,,20.8279,,Pan-STARRS1,2,,MJD,
57205.3589487058,i,,,0.155459,,20.7747,,Pan-STARRS1,2,,MJD,
57206.3283017859,i,,,0.204261,,21.1434,,Pan-STARRS1,2,,MJD,
57206.3399872296,i,,,0.157427,,20.9056,,Pan-STARRS1,2,,MJD,
57206.3515149483,i,,,0.147952,,20.917,,Pan-STARRS1,2,,MJD,
