time,band,bandset,e_fluxdensity,e_magnitude,fluxdensity,magnitude,system,telescope,source,u_fluxdensity,u_time,upperlimit
57182.5155726667,i,,,0.115597,,19.4088,,Pan-STARRS1,2,,MJD,
57182.5255167652,i,,,0.131277,,19.3694,,Pan-STARRS1,2,,MJD,
57182.5354950749,i,,,0.164764,,19.3477,,Pan-STARRS1,2,,MJD,
57182.5454319216,i,,,0.151971,,19.2536,,Pan-STARRS1,2,,MJD,
57183.5310061144,i,,,0.0457658,,19.0883,,Pan-STARRS1,2,,MJD,
57183.5409997982,i,,,0.0582661,,19.0867,,Pan-STARRS1,2,,MJD,
57183.5509957173,i,,,0.0665288,,19.0845,,Pan-STARRS1,2,,MJD,
57183.5609666323,i,,,0.0816859,,19.1126,,Pan-STARRS1,2,,MJD,
