time,band,bandset,e_fluxdensity,e_magnitude,fluxdensity,magnitude,system,telescope,source,u_fluxdensity,u_time,upperlimit
57111.4884773358,r,,,0.144922,,19.8669,,Pan-STARRS1,2,,MJD,
57111.4884773358,r,,,0.148686,,19.9342,,Pan-STARRS1,2,,MJD,
57111.5007679657,r,,,0.126768,,19.8538,,Pan-STARRS1,2,,MJD,
57111.5007679657,r,,,0.135689,,19.9543,,Pan-STARRS1,2,,MJD,
57111.5134499789,r,,,0.145558,,20.0075,,Pan-STARRS1,2,,MJD,
57111.5134499789,r,,,0.162187,,20.106,,Pan-STARRS1,2,,MJD,
57111.5258988529,r,,,0.120666,,19.8355,,Pan-STARRS1,2,,MJD,
57111.5258988529,r,,,0.13446,,19.9829,,Pan-STARRS1,2,,MJD,
