time,band,bandset,e_fluxdensity,e_magnitude,fluxdensity,magnitude,system,telescope,source,u_fluxdensity,u_time,upperlimit
57112.5203372268,i,,,0.0546802,,19.1247,,Pan-STARRS1,"2,4",,MJD,
57112.5315519767,i,,,0.112396,,19.1149,,Pan-STARRS1,"2,4",,MJD,
57112.5427973365,i,,,0.0589851,,19.1605,,Pan-STARRS1,"2,4",,MJD,
57112.5540345079,i,,,0.0610696,,19.1023,,Pan-STARRS1,"2,4",,MJD,
57113.5237890105,i,,,0.0673677,,19.1003,,Pan-STARRS1,"2,4",,MJD,
57113.5350189074,i,,,0.0749541,,19.0973,,Pan-STARRS1,"2,4",,MJD,
57113.5462408117,i,,,0.100013,,19.0738,,Pan-STARRS1,"2,4",,MJD,
57113.5779862671,i,,,0.0687456,,19.1128,,Pan-STARRS1,"2,4",,MJD,
