time,band,bandset,e_fluxdensity,e_magnitude,fluxdensity,magnitude,system,telescope,source,u_fluxdensity,u_time,upperlimit
57112.3643790173,i,,,0.138491,,20.2153,,Pan-STARRS1,2,,MJD,
57112.3774351942,i,,,0.207759,,20.2026,,Pan-STARRS1,2,,MJD,
57112.3904748413,i,,,0.107854,,20.1851,,Pan-STARRS1,2,,MJD,
57112.4035095857,i,,,0.122551,,20.2271,,Pan-STARRS1,2,,MJD,
57113.3901555032,i,,,0.17968,,20.3785,,Pan-STARRS1,2,,MJD,
57113.4162629381,i,,,0.154415,,20.2579,,Pan-STARRS1,2,,MJD,
57124.552249697,r,,,0.125567,,20.4144,,Pan-STARRS1,2,,MJD,
57124.5786166601,r,,,0.125675,,20.3011,,Pan-STARRS1,2,,MJD,
57125.4850981436,i,,,0.136305,,20.3736,,Pan-STARRS1,2,,MJD,
