time,band,bandset,e_fluxdensity,e_magnitude,fluxdensity,magnitude,system,telescope,source,u_fluxdensity,u_time,upperlimit
57168.4545016572,i,,,0.0353325,,19.2666,,Pan-STARRS1,3,,MJD,
57168.4676643428,i,,,0.0469736,,19.26,,Pan-STARRS1,3,,MJD,
57168.4808236533,i,,,0.0371129,,19.2869,,Pan-STARRS1,3,,MJD,
57168.4940741164,i,,,0.0397339,,19.2799,,Pan-STARRS1,3,,MJD,
57171.3127775444,i,,,0.061391,,19.5017,,Pan-STARRS1,3,,MJD,
57171.3253721007,i,,,0.0566306,,19.4786,,Pan-STARRS1,3,,MJD,
57171.3379409738,i,,,0.0442003,,19.3969,,Pan-STARRS1,3,,MJD,
57171.3506229697,i,,,0.0505839,,19.4403,,Pan-STARRS1,3,,MJD,
