time,band,bandset,e_fluxdensity,e_magnitude,fluxdensity,magnitude,system,telescope,source,u_fluxdensity,u_time,upperlimit
57242.3841288821,w,,,0.0930517,,20.363,,Pan-STARRS1,2,,MJD,
57242.3944573965,w,,,0.14716,,20.2896,,Pan-STARRS1,2,,MJD,
57242.4047434709,w,,,0.101792,,20.394,,Pan-STARRS1,2,,MJD,
57242.4150651629,w,,,0.111926,,20.2866,,Pan-STARRS1,2,,MJD,
57243.383603551,w,,,0.0924184,,20.4336,,Pan-STARRS1,2,,MJD,
57243.393823734,w,,,0.08268,,20.3423,,Pan-STARRS1,2,,MJD,
57243.4042347395,w,,,0.0798544,,20.3108,,Pan-STARRS1,2,,MJD,
57243.4144659847,w,,,0.0733002,,20.3794,,Pan-STARRS1,2,,MJD,
