time,band,bandset,e_fluxdensity,e_magnitude,fluxdensity,magnitude,system,telescope,source,u_fluxdensity,u_time,upperlimit
57369.5866826629,w,,,0.0949272,,21.7276,,Pan-STARRS1,2,,MJD,
57369.5994396513,w,,,0.0818431,,21.5659,,Pan-STARRS1,2,,MJD,
57369.6122150826,w,,,0.0820011,,21.6562,,Pan-STARRS1,2,,MJD,
57369.6154267252,w,,,0.0990348,,21.6461,,Pan-STARRS1,2,,MJD,
57369.6250179495,w,,,0.075125,,21.6367,,Pan-STARRS1,2,,MJD,
57398.5730185723,w,,,0.169737,,22.1396,,Pan-STARRS1,2,,MJD,
57398.5864027501,w,,,0.128332,,21.8498,,Pan-STARRS1,2,,MJD,
57398.6131588286,w,,,0.143209,,22.0229,,Pan-STARRS1,2,,MJD,
