time,band,bandset,e_fluxdensity,e_magnitude,fluxdensity,magnitude,system,telescope,source,u_fluxdensity,u_time,upperlimit
57310.2168477212,w,,,0.0803887,,21.0173,,Pan-STARRS1,2,,MJD,
57310.227422088,w,,,0.0720244,,20.9333,,Pan-STARRS1,2,,MJD,
57310.2379993285,w,,,0.0734623,,20.9532,,Pan-STARRS1,2,,MJD,
57310.2485837857,w,,,0.0945787,,21.0868,,Pan-STARRS1,2,,MJD,
57311.2169128315,w,,,0.067222,,21.0465,,Pan-STARRS1,2,,MJD,
57311.2277033812,w,,,0.0633275,,20.9586,,Pan-STARRS1,2,,MJD,
57311.2384767556,w,,,0.0688685,,21.1033,,Pan-STARRS1,2,,MJD,
57311.249286368,w,,,0.0733232,,21.0346,,Pan-STARRS1,2,,MJD,
