time,band,bandset,e_fluxdensity,e_magnitude,fluxdensity,magnitude,system,telescope,source,u_fluxdensity,u_time,upperlimit
57184.4166332986,g,,,0.0485665,,18.9715,,Pan-STARRS1,2,,MJD,
57184.4285870117,g,,,0.0537815,,19.0001,,Pan-STARRS1,2,,MJD,
57184.4405421711,g,,,0.0508383,,18.996,,Pan-STARRS1,2,,MJD,
57184.452523156,g,,,0.0511606,,18.9518,,Pan-STARRS1,2,,MJD,
57185.4385917938,g,,,0.0338612,,19.1325,,Pan-STARRS1,2,,MJD,
57185.4507878306,g,,,0.0282195,,19.1835,,Pan-STARRS1,2,,MJD,
57185.4630586322,g,,,0.0331715,,19.138,,Pan-STARRS1,2,,MJD,
57185.4751811842,g,,,0.0475499,,19.1813,,Pan-STARRS1,2,,MJD,
