time,band,bandset,e_fluxdensity,e_magnitude,fluxdensity,magnitude,system,telescope,source,u_fluxdensity,u_time,upperlimit
57078.5271766315,w,,,0.119399,,20.5494,,Pan-STARRS1,2,,MJD,
57078.5381204663,w,,,0.147522,,20.5587,,Pan-STARRS1,2,,MJD,
57078.5491266931,w,,,0.133529,,20.4581,,Pan-STARRS1,2,,MJD,
57078.5601223107,w,,,0.109898,,20.5124,,Pan-STARRS1,2,,MJD,
57101.4859520062,w,,,0.211546,,21.5692,,Pan-STARRS1,2,,MJD,
57101.4965209252,w,,,0.207691,,21.7884,,Pan-STARRS1,2,,MJD,
57101.5071302629,w,,,0.174535,,21.453,,Pan-STARRS1,2,,MJD,
57101.5438083792,w,,,0.160743,,21.5629,,Pan-STARRS1,2,,MJD,
57102.4364471041,w,,,0.193378,,21.7549,,Pan-STARRS1,2,,MJD,
