time,band,bandset,e_fluxdensity,e_magnitude,fluxdensity,magnitude,system,telescope,source,u_fluxdensity,u_time,upperlimit
57204.3382310678,i,,,0.0327759,,18.9607,,Pan-STARRS1,2,,MJD,
57204.3493280238,i,,,0.0310457,,18.9567,,Pan-STARRS1,2,,MJD,
57204.360345203,i,,,0.0317748,,18.9801,,Pan-STARRS1,2,,MJD,
57204.3713544738,i,,,0.0381181,,18.9401,,Pan-STARRS1,2,,MJD,
57205.3323122854,i,,,0.0320637,,18.9547,,Pan-STARRS1,2,,MJD,
57205.3432457862,i,,,0.036333,,18.9707,,Pan-STARRS1,2,,MJD,
57205.3543535518,i,,,0.034076,,18.964,,Pan-STARRS1,2,,MJD,
57205.36526228,i,,,0.0352555,,18.9961,,Pan-STARRS1,2,,MJD,
