time,band,bandset,e_fluxdensity,e_magnitude,fluxdensity,magnitude,system,telescope,source,u_fluxdensity,u_time,upperlimit
57128.4015485053,w,,,0.106683,,20.2984,,Pan-STARRS1,2,,MJD,
57128.4131478844,w,,,0.0675351,,20.3624,,Pan-STARRS1,2,,MJD,
57128.4248100323,w,,,0.0691591,,20.307,,Pan-STARRS1,2,,MJD,
57128.4364321833,w,,,0.120144,,20.4452,,Pan-STARRS1,2,,MJD,
57130.4014189295,w,,,0.102924,,20.4134,,Pan-STARRS1,2,,MJD,
57130.4130068375,w,,,0.1109,,20.4678,,Pan-STARRS1,2,,MJD,
57130.4246499135,w,,,0.126835,,20.4038,,Pan-STARRS1,2,,MJD,
57130.4363337028,w,,,0.133473,,20.4478,,Pan-STARRS1,2,,MJD,
