time,band,bandset,e_fluxdensity,e_magnitude,fluxdensity,magnitude,system,telescope,source,u_fluxdensity,u_time,upperlimit
57069.4479108229,w,,,0.093173,,21.1692,,Pan-STARRS1,2,,MJD,
57069.4608326297,w,,,0.137905,,21.3231,,Pan-STARRS1,2,,MJD,
57069.4737484781,w,,,0.20944,,21.4064,,Pan-STARRS1,2,,MJD,
57069.486642228,w,,,0.103707,,21.2683,,Pan-STARRS1,2,,MJD,
57134.2623042575,w,,,0.205963,,21.2491,,Pan-STARRS1,2,,MJD,
57134.2747612443,w,,,0.139583,,21.175,,Pan-STARRS1,2,,MJD,
57134.2872893597,w,,,0.117876,,21.1293,,Pan-STARRS1,2,,MJD,
57134.2998676453,w,,,0.0968537,,21.221,,Pan-STARRS1,2,,MJD,
