time,band,bandset,e_fluxdensity,e_magnitude,fluxdensity,magnitude,system,telescope,source,u_fluxdensity,u_time,upperlimit
57190.5,,,,,,19.6,,,"2,3",,MJD,
57191.601288165,z,,,0.0891366,,19.6428,,Pan-STARRS1,2,,MJD,
57191.601288165,z,,,0.0906459,,19.6665,,Pan-STARRS1,2,,MJD,
57191.6103827514,z,,,0.0942605,,19.6428,,Pan-STARRS1,2,,MJD,
57191.6103827514,z,,,0.0935414,,19.6451,,Pan-STARRS1,2,,MJD,
57211.5289232059,i,,,0.192591,,20.2733,,Pan-STARRS1,2,,MJD,
57211.5415795132,i,,,0.145366,,20.1245,,Pan-STARRS1,2,,MJD,
57211.5544504421,i,,,0.111121,,20.2095,,Pan-STARRS1,2,,MJD,
57211.5671893563,i,,,0.112519,,20.242,,Pan-STARRS1,2,,MJD,
