time,band,bandset,e_fluxdensity,e_magnitude,fluxdensity,magnitude,system,telescope,source,u_fluxdensity,u_time,upperlimit
57319.2092744703,i,,,0.0395034,,19.0599,,Pan-STARRS1,2,,MJD,
57319.2203249469,i,,,0.0447326,,18.9973,,Pan-STARRS1,2,,MJD,
57319.2313314569,i,,,0.0362593,,19.0285,,Pan-STARRS1,2,,MJD,
57319.2423223805,i,,,0.0339753,,18.9324,,Pan-STARRS1,2,,MJD,
57320.2086669784,i,,,0.065546,,19.0803,,Pan-STARRS1,2,,MJD,
57320.2196781244,i,,,0.0755301,,19.0616,,Pan-STARRS1,2,,MJD,
57320.2306876155,i,,,0.054171,,19.0196,,Pan-STARRS1,2,,MJD,
57320.2416940407,i,,,0.048189,,19.1105,,Pan-STARRS1,2,,MJD,
