time,band,bandset,e_fluxdensity,e_magnitude,fluxdensity,magnitude,system,telescope,source,u_fluxdensity,u_time,upperlimit
57068.5,,,,,,20.4,,,"2,3",,MJD,
57069.6145133237,i,,,0.145817,,20.5799,,Pan-STARRS1,2,,MJD,
57069.6270852923,i,,,0.173959,,20.4387,,Pan-STARRS1,2,,MJD,
57069.6397015876,i,,,0.11979,,20.5972,,Pan-STARRS1,2,,MJD,
57069.6523471234,i,,,0.221259,,20.4354,,Pan-STARRS1,2,,MJD,
57082.6034835661,i,,,0.133304,,20.3576,,Pan-STARRS1,2,,MJD,
57082.6162895132,i,,,0.14398,,20.4774,,Pan-STARRS1,2,,MJD,
57082.6290325605,i,,,0.184243,,20.5559,,Pan-STARRS1,2,,MJD,
57096.5913942987,i,,,0.103352,,20.6324,,Pan-STARRS1,2,,MJD,
