time,band,bandset,e_fluxdensity,e_magnitude,fluxdensity,magnitude,system,telescope,source,u_fluxdensity,u_time,upperlimit
57228.2782119486,i,,,0.0715735,,19.2428,,Pan-STARRS1,2,,MJD,
57228.2902955258,i,,,0.0589422,,19.1817,,Pan-STARRS1,2,,MJD,
57228.3023469881,i,,,0.0478224,,19.2055,,Pan-STARRS1,2,,MJD,
57228.3142900905,i,,,0.0588678,,19.1851,,Pan-STARRS1,2,,MJD,
57230.2769300006,i,,,0.0914146,,19.2297,,Pan-STARRS1,2,,MJD,
57230.2890022724,i,,,0.0700802,,19.3009,,Pan-STARRS1,2,,MJD,
57230.3010332916,i,,,0.0486873,,19.2546,,Pan-STARRS1,2,,MJD,
57230.3131082928,i,,,0.0499751,,19.2432,,Pan-STARRS1,2,,MJD,
