time,band,bandset,e_fluxdensity,e_magnitude,fluxdensity,magnitude,system,telescope,source,u_fluxdensity,u_time,upperlimit
57078.4172240546,i,,,0.0634513,,19.4876,,Pan-STARRS1,2,,MJD,
57078.4276621798,i,,,0.121614,,19.4337,,Pan-STARRS1,2,,MJD,
57078.438116781,i,,,0.122631,,19.4139,,Pan-STARRS1,2,,MJD,
57078.4485261949,i,,,0.0891602,,19.4572,,Pan-STARRS1,2,,MJD,
57109.3496371136,i,,,0.128203,,19.978,,Pan-STARRS1,2,,MJD,
57109.360925773,i,,,0.0869033,,20.1749,,Pan-STARRS1,2,,MJD,
57109.3722263979,i,,,0.100217,,19.957,,Pan-STARRS1,2,,MJD,
57109.3835795205,i,,,0.0865189,,19.98,,Pan-STARRS1,2,,MJD,
