time,band,bandset,e_fluxdensity,e_magnitude,fluxdensity,magnitude,system,telescope,source,u_fluxdensity,u_time,upperlimit
57102.4795488481,w,,,0.0506705,,20.4755,,Pan-STARRS1,2,,MJD,
57102.4908716506,w,,,0.0430317,,20.6156,,Pan-STARRS1,2,,MJD,
57102.5021505579,w,,,0.0488313,,20.5369,,Pan-STARRS1,2,,MJD,
57102.5134472889,w,,,0.0518667,,20.4792,,Pan-STARRS1,2,,MJD,
57103.4555253115,w,,,0.0379444,,20.4784,,Pan-STARRS1,2,,MJD,
57103.4671528087,w,,,0.0428647,,20.4573,,Pan-STARRS1,2,,MJD,
57103.4788102508,w,,,0.0547157,,20.5209,,Pan-STARRS1,2,,MJD,
57103.4904439779,w,,,0.0356439,,20.4748,,Pan-STARRS1,2,,MJD,
