time,band,bandset,e_fluxdensity,e_magnitude,fluxdensity,magnitude,system,telescope,source,u_fluxdensity,u_time,upperlimit
57163.2654736703,w,,,0.0540234,,20.1862,,Pan-STARRS1,2,,MJD,
57163.279770928,w,,,0.105019,,20.3517,,Pan-STARRS1,2,,MJD,
57163.2941360409,w,,,0.0824803,,20.2724,,Pan-STARRS1,2,,MJD,
57163.3084409862,w,,,0.089051,,20.3055,,Pan-STARRS1,2,,MJD,
57164.2761286403,i,,,0.122506,,19.9106,,Pan-STARRS1,2,,MJD,
57164.288697759,i,,,0.16178,,19.915,,Pan-STARRS1,2,,MJD,
57164.3012951291,i,,,0.0912397,,19.9057,,Pan-STARRS1,2,,MJD,
57164.313830907,i,,,0.101216,,19.8845,,Pan-STARRS1,2,,MJD,
