time,band,bandset,e_fluxdensity,e_magnitude,fluxdensity,magnitude,system,telescope,source,u_fluxdensity,u_time,upperlimit
57357.5015258648,r,,,0.0719246,,19.9745,,Pan-STARRS1,2,,MJD,
57357.5141061274,r,,,0.0920635,,19.9761,,Pan-STARRS1,2,,MJD,
57357.5273676185,r,,,0.0966065,,19.9152,,Pan-STARRS1,2,,MJD,
57357.5397079879,r,,,0.0791742,,19.896,,Pan-STARRS1,2,,MJD,
57407.3314983831,r,,,0.107902,,20.0527,,Pan-STARRS1,2,,MJD,
57407.3412330815,r,,,0.100718,,20.0303,,Pan-STARRS1,2,,MJD,
57407.3509108382,r,,,0.155507,,20.0467,,Pan-STARRS1,2,,MJD,
57407.3605791572,r,,,0.128594,,20.0104,,Pan-STARRS1,2,,MJD,
