time,band,bandset,e_fluxdensity,e_magnitude,fluxdensity,magnitude,system,telescope,source,u_fluxdensity,u_time,upperlimit
57104.4826550987,w,,,0.0820409,,21.1842,,Pan-STARRS1,2,,MJD,
57104.4952137811,w,,,0.165591,,21.4241,,Pan-STARRS1,2,,MJD,
57104.5078049493,w,,,0.108204,,21.2721,,Pan-STARRS1,2,,MJD,
57104.5203598946,w,,,0.122161,,21.2971,,Pan-STARRS1,2,,MJD,
57105.4234688609,w,,,0.155857,,21.2336,,Pan-STARRS1,2,,MJD,
57105.437947359,w,,,0.170815,,21.3019,,Pan-STARRS1,2,,MJD,
57105.4524205168,w,,,0.16324,,21.2445,,Pan-STARRS1,2,,MJD,
57105.4670298086,w,,,0.214844,,21.3085,,Pan-STARRS1,2,,MJD,
