time,band,bandset,e_fluxdensity,e_magnitude,fluxdensity,magnitude,system,telescope,source,u_fluxdensity,u_time,upperlimit
57209.5,,,,,,19.6,,,"2,3",,MJD,
57210.5737482156,i,,,0.139005,,19.5822,,Pan-STARRS1,2,,MJD,
57210.5843216892,i,,,0.067163,,19.5973,,Pan-STARRS1,2,,MJD,
57210.5948354633,i,,,0.06759,,19.6239,,Pan-STARRS1,2,,MJD,
57210.6053855891,i,,,0.0564969,,19.6196,,Pan-STARRS1,2,,MJD,
57970.5327757798,i,,,0.175667,,20.2501,,Pan-STARRS1,2,,MJD,
57970.5422171019,i,,,0.175745,,20.4045,,Pan-STARRS1,2,,MJD,
57970.5516721299,i,,,0.199931,,20.1407,,Pan-STARRS1,2,,MJD,
58352.5427860495,i,,,0.239456,,20.7084,,Pan-STARRS1,2,,MJD,
