time,band,bandset,e_fluxdensity,e_magnitude,fluxdensity,magnitude,system,telescope,source,u_fluxdensity,u_time,upperlimit
57073.5708527079,w,,,0.0583661,,21.0517,,Pan-STARRS1,2,,MJD,
57073.5844302681,w,,,0.0608136,,21.0038,,Pan-STARRS1,2,,MJD,
57073.5980471378,w,,,0.0566496,,21.0211,,Pan-STARRS1,2,,MJD,
57073.6118601174,w,,,0.0738029,,21.021,,Pan-STARRS1,2,,MJD,
57076.3645244217,w,,,0.0480944,,20.9354,,Pan-STARRS1,2,,MJD,
57076.377083415,w,,,0.0431369,,20.8781,,Pan-STARRS1,2,,MJD,
57076.3896693737,w,,,0.0439183,,20.8869,,Pan-STARRS1,2,,MJD,
57076.4022601638,w,,,0.0549091,,20.883,,Pan-STARRS1,2,,MJD,
