time,band,bandset,e_fluxdensity,e_magnitude,fluxdensity,magnitude,system,telescope,source,u_fluxdensity,u_time,upperlimit
57212.3006991611,w,,,0.0335381,,20.1064,,Pan-STARRS1,2,,MJD,
57212.3133515264,w,,,0.0293313,,20.0943,,Pan-STARRS1,2,,MJD,
57212.3259704141,w,,,0.0298736,,20.1043,,Pan-STARRS1,2,,MJD,
57212.3383865073,w,,,0.033944,,20.0377,,Pan-STARRS1,2,,MJD,
57215.3019080788,w,,,0.029711,,20.078,,Pan-STARRS1,2,,MJD,
57215.3144346545,w,,,0.025783,,20.0165,,Pan-STARRS1,2,,MJD,
57215.3271277146,w,,,0.0268968,,20.1012,,Pan-STARRS1,2,,MJD,
57215.3397402671,w,,,0.0308985,,20.1006,,Pan-STARRS1,2,,MJD,
