time,band,bandset,e_fluxdensity,e_magnitude,fluxdensity,magnitude,system,telescope,source,u_fluxdensity,u_time,upperlimit
57363.4756387216,w,,,0.176176,,21.6959,,Pan-STARRS1,2,,MJD,
57363.4868649389,w,,,0.165624,,21.5398,,Pan-STARRS1,2,,MJD,
57363.4980628174,w,,,0.19847,,21.6837,,Pan-STARRS1,2,,MJD,
57365.4486195348,w,,,0.152911,,21.6517,,Pan-STARRS1,2,,MJD,
57365.4613879104,w,,,0.197933,,21.9961,,Pan-STARRS1,2,,MJD,
57365.4740944815,w,,,0.18438,,21.7401,,Pan-STARRS1,2,,MJD,
57369.2390364707,w,,,0.1768,,21.6693,,Pan-STARRS1,2,,MJD,
57394.2689783712,w,,,0.186425,,21.8629,,Pan-STARRS1,2,,MJD,
