time,band,bandset,e_fluxdensity,e_magnitude,fluxdensity,magnitude,system,telescope,source,u_fluxdensity,u_time,upperlimit
57274.4136438085,w,,,0.0523608,,20.9527,,Pan-STARRS1,2,,MJD,
57274.4257896915,w,,,0.0658612,,21.0829,,Pan-STARRS1,2,,MJD,
57274.4379662835,w,,,0.0687966,,21.0453,,Pan-STARRS1,2,,MJD,
57274.4501745143,w,,,0.0601377,,21.0887,,Pan-STARRS1,2,,MJD,
57275.3897357347,w,,,0.0660202,,21.0916,,Pan-STARRS1,2,,MJD,
57277.3914076352,w,,,0.0783892,,21.0512,,Pan-STARRS1,2,,MJD,
57277.4031749098,w,,,0.0744609,,21.0571,,Pan-STARRS1,2,,MJD,
57277.4149182519,w,,,0.0668962,,21.0241,,Pan-STARRS1,2,,MJD,
57277.4266776736,w,,,0.0665092,,21.1192,,Pan-STARRS1,2,,MJD,
