time,band,bandset,e_fluxdensity,e_magnitude,fluxdensity,magnitude,system,telescope,source,u_fluxdensity,u_time,upperlimit
57069.4087251676,w,,,0.0689631,,20.9852,,Pan-STARRS1,2,,MJD,
57069.4201526271,w,,,0.0706693,,21.0747,,Pan-STARRS1,2,,MJD,
57069.4430559995,w,,,0.0614954,,20.9972,,Pan-STARRS1,2,,MJD,
57070.5417397223,w,,,0.0697882,,21.1136,,Pan-STARRS1,2,,MJD,
57070.5534193694,w,,,0.0700173,,21.1375,,Pan-STARRS1,2,,MJD,
57070.5652755215,w,,,0.0752216,,21.0446,,Pan-STARRS1,2,,MJD,
57070.5771822543,w,,,0.0851727,,21.2726,,Pan-STARRS1,2,,MJD,
57105.4833851173,w,,,0.125774,,21.5588,,Pan-STARRS1,2,,MJD,
57128.4302932165,w,,,0.167104,,21.8619,,Pan-STARRS1,2,,MJD,
