time,band,bandset,e_fluxdensity,e_magnitude,fluxdensity,magnitude,system,telescope,source,u_fluxdensity,u_time,upperlimit
57275.5,,,,,,20.9,,,"2,3",,MJD,
57276.5060138335,w,,,0.0773624,,20.931,,Pan-STARRS1,2,,MJD,
57276.5175905078,w,,,0.0744623,,20.9621,,Pan-STARRS1,2,,MJD,
57276.5291109121,w,,,0.0951186,,20.888,,Pan-STARRS1,2,,MJD,
57276.5406145495,w,,,0.0896598,,20.9298,,Pan-STARRS1,2,,MJD,
57277.479409629,w,,,0.0705974,,21.062,,Pan-STARRS1,2,,MJD,
57277.4911961338,w,,,0.0500673,,20.8894,,Pan-STARRS1,2,,MJD,
57277.5029774272,w,,,0.0523524,,20.9954,,Pan-STARRS1,2,,MJD,
57277.5147681679,w,,,0.053139,,20.8792,,Pan-STARRS1,2,,MJD,
