time,band,bandset,e_fluxdensity,e_magnitude,fluxdensity,magnitude,system,telescope,source,u_fluxdensity,u_time,upperlimit
57353.3592041751,i,,,0.0987626,,18.5106,,Pan-STARRS1,2,,MJD,
57353.3725628164,i,,,0.102237,,18.5585,,Pan-STARRS1,2,,MJD,
57353.385929476,i,,,0.103872,,18.4964,,Pan-STARRS1,2,,MJD,
57353.3993485915,i,,,0.168759,,18.5583,,Pan-STARRS1,2,,MJD,
57370.273967403,w,,,0.0305125,,18.7805,,Pan-STARRS1,2,,MJD,
57370.2866379608,w,,,0.0433398,,18.8498,,Pan-STARRS1,2,,MJD,
57370.2992211999,w,,,0.0332163,,18.8172,,Pan-STARRS1,2,,MJD,
57370.311939,w,,,0.0316759,,18.7726,,Pan-STARRS1,2,,MJD,
