time,band,bandset,e_fluxdensity,e_magnitude,fluxdensity,magnitude,system,telescope,source,u_fluxdensity,u_time,upperlimit
57091.4559191252,r,,,0.128057,,19.8655,,Pan-STARRS1,2,,MJD,
57091.4559191252,r,,,0.136652,,19.8876,,Pan-STARRS1,2,,MJD,
57091.4704769595,r,,,0.146607,,19.8975,,Pan-STARRS1,2,,MJD,
57091.4704769595,r,,,0.166842,,19.931,,Pan-STARRS1,2,,MJD,
57091.4855340482,r,,,0.154076,,19.8193,,Pan-STARRS1,2,,MJD,
57091.4855340482,r,,,0.161535,,19.8348,,Pan-STARRS1,2,,MJD,
57091.5000230064,r,,,0.158651,,19.9605,,Pan-STARRS1,2,,MJD,
57091.5000230064,r,,,0.151857,,19.9663,,Pan-STARRS1,2,,MJD,
