time,band,bandset,e_fluxdensity,e_magnitude,fluxdensity,magnitude,system,telescope,source,u_fluxdensity,u_time,upperlimit
57303.4781678628,w,,,0.0595737,,20.5485,,Pan-STARRS1,2,,MJD,
57303.4903007676,w,,,0.0512767,,20.5705,,Pan-STARRS1,2,,MJD,
57303.5024676025,w,,,0.0491896,,20.6132,,Pan-STARRS1,2,,MJD,
57303.514579405,w,,,0.0429453,,20.6204,,Pan-STARRS1,2,,MJD,
57304.4753616369,w,,,0.0584356,,20.2059,,Pan-STARRS1,2,,MJD,
57304.4875528738,w,,,0.0518854,,20.0278,,Pan-STARRS1,2,,MJD,
57304.499660357,w,,,0.0559081,,20.1117,,Pan-STARRS1,2,,MJD,
57304.5117857185,w,,,0.0455682,,20.2135,,Pan-STARRS1,2,,MJD,
