time,band,bandset,e_fluxdensity,e_magnitude,fluxdensity,magnitude,system,telescope,source,u_fluxdensity,u_time,upperlimit
57364.5,,,,,,19.6,,,"2,3",,MJD,
57365.5692368713,w,,,0.027951,,19.6306,,Pan-STARRS1,2,,MJD,
57365.5821419805,w,,,0.022315,,19.6243,,Pan-STARRS1,2,,MJD,
57365.5945566562,w,,,0.0193894,,19.5734,,Pan-STARRS1,2,,MJD,
57365.6070057261,w,,,0.0243385,,19.6033,,Pan-STARRS1,2,,MJD,
57365.6107058166,w,,,0.0222348,,19.6277,,Pan-STARRS1,2,,MJD,
57365.6200775394,w,,,0.0292508,,19.647,,Pan-STARRS1,2,,MJD,
57365.62948,w,,,0.0291567,,19.6034,,Pan-STARRS1,2,,MJD,
57365.638925393,w,,,0.0269054,,19.6493,,Pan-STARRS1,2,,MJD,
