time,band,bandset,e_fluxdensity,e_magnitude,fluxdensity,magnitude,system,telescope,source,u_fluxdensity,u_time,upperlimit
57191.3475161977,w,,,0.129772,,21.6346,,Pan-STARRS1,2,,MJD,
57191.3603444401,w,,,0.155012,,21.714,,Pan-STARRS1,2,,MJD,
57191.3731505199,w,,,0.13777,,21.5955,,Pan-STARRS1,2,,MJD,
57191.3859627779,w,,,0.158974,,21.8101,,Pan-STARRS1,2,,MJD,
57192.3333960567,w,,,0.133927,,21.8862,,Pan-STARRS1,2,,MJD,
57192.346435899,w,,,0.120887,,21.7189,,Pan-STARRS1,2,,MJD,
57192.359448114,w,,,0.157168,,21.7815,,Pan-STARRS1,2,,MJD,
57192.3724260525,w,,,0.128335,,21.6721,,Pan-STARRS1,2,,MJD,
57212.3238996654,w,,,0.171881,,22.3544,,Pan-STARRS1,2,,MJD,
