time,band,bandset,e_fluxdensity,e_magnitude,fluxdensity,magnitude,system,telescope,source,u_fluxdensity,u_time,upperlimit
57124.5955166831,r,,,0.140766,,20.1635,,Pan-STARRS1,2,,MJD,
57124.6034902036,r,,,0.154521,,20.3325,,Pan-STARRS1,2,,MJD,
57124.6118125427,r,,,0.0770363,,20.2699,,Pan-STARRS1,2,,MJD,
57124.619893128,r,,,0.0822402,,20.1876,,Pan-STARRS1,2,,MJD,
57155.4896112286,r,,,0.185937,,20.8777,,Pan-STARRS1,2,,MJD,
57155.5012224289,r,,,0.166786,,20.8612,,Pan-STARRS1,2,,MJD,
57155.512996443,r,,,0.200925,,20.7053,,Pan-STARRS1,2,,MJD,
57155.5242569445,r,,,0.127797,,20.8733,,Pan-STARRS1,2,,MJD,
57156.4694830704,w,,,0.196862,,20.8967,,Pan-STARRS1,2,,MJD,
