time,band,bandset,e_fluxdensity,e_magnitude,fluxdensity,magnitude,system,telescope,source,u_fluxdensity,u_time,upperlimit
57212.3020576374,w,,,0.0912414,,21.2558,,Pan-STARRS1,2,,MJD,
57212.3145495545,w,,,0.0993383,,21.3286,,Pan-STARRS1,2,,MJD,
57212.327206983,w,,,0.0815481,,21.2917,,Pan-STARRS1,2,,MJD,
57212.3397650278,w,,,0.0862897,,21.2203,,Pan-STARRS1,2,,MJD,
57215.303160385,w,,,0.0871842,,21.3414,,Pan-STARRS1,2,,MJD,
57215.3158300602,w,,,0.106138,,21.5779,,Pan-STARRS1,2,,MJD,
57215.3284168029,w,,,0.0975697,,21.4708,,Pan-STARRS1,2,,MJD,
57215.3409228655,w,,,0.088786,,21.4465,,Pan-STARRS1,2,,MJD,
