time,band,bandset,e_fluxdensity,e_magnitude,fluxdensity,magnitude,system,telescope,source,u_fluxdensity,u_time,upperlimit
57363.2645711497,w,,,0.0482316,,20.7764,,Pan-STARRS1,2,,MJD,
57363.2765071558,w,,,0.0418224,,20.74,,Pan-STARRS1,2,,MJD,
57363.2884269644,w,,,0.0513348,,20.7826,,Pan-STARRS1,2,,MJD,
57363.3003633423,w,,,0.0578451,,20.777,,Pan-STARRS1,2,,MJD,
57388.2365645067,w,,,0.113304,,21.7127,,Pan-STARRS1,2,,MJD,
57388.2478133318,w,,,0.113254,,21.7972,,Pan-STARRS1,2,,MJD,
57388.2590069301,w,,,0.112562,,21.9444,,Pan-STARRS1,2,,MJD,
57388.2701670461,w,,,0.098856,,21.8037,,Pan-STARRS1,2,,MJD,
