time,band,bandset,e_fluxdensity,e_magnitude,fluxdensity,magnitude,system,telescope,source,u_fluxdensity,u_time,upperlimit
57099.4074959643,w,,,0.0844659,,20.4478,,Pan-STARRS1,2,,MJD,
57099.4187440182,w,,,0.0749455,,20.4333,,Pan-STARRS1,2,,MJD,
57099.4299935993,w,,,0.0627044,,20.4396,,Pan-STARRS1,2,,MJD,
57099.4412638788,w,,,0.0709032,,20.4231,,Pan-STARRS1,2,,MJD,
57101.4383759308,w,,,0.129558,,20.4466,,Pan-STARRS1,2,,MJD,
57101.4498586449,w,,,0.129294,,20.5038,,Pan-STARRS1,2,,MJD,
57101.4613695011,w,,,0.187339,,21.0082,,Pan-STARRS1,2,,MJD,
57101.4728702153,w,,,0.0931635,,20.7013,,Pan-STARRS1,2,,MJD,
