time,band,bandset,e_fluxdensity,e_magnitude,fluxdensity,magnitude,system,telescope,source,u_fluxdensity,u_time,upperlimit
57365.2549696401,w,,,0.0936228,,21.3435,,Pan-STARRS1,2,,MJD,
57365.2549696401,w,,,0.117036,,21.4214,,Pan-STARRS1,2,,MJD,
57365.267244774,w,,,0.113514,,21.5365,,Pan-STARRS1,2,,MJD,
57365.267244774,w,,,0.16529,,21.7484,,Pan-STARRS1,2,,MJD,
57365.2794689221,w,,,0.111497,,21.3409,,Pan-STARRS1,2,,MJD,
57365.2794689221,w,,,0.144932,,21.4345,,Pan-STARRS1,2,,MJD,
57365.2917869823,w,,,0.11257,,21.4492,,Pan-STARRS1,2,,MJD,
57365.2917869823,w,,,0.148998,,21.5607,,Pan-STARRS1,2,,MJD,
