time,band,bandset,e_fluxdensity,e_magnitude,fluxdensity,magnitude,system,telescope,source,u_fluxdensity,u_time,upperlimit
57234.5,,,,,,18.9,,,"2,3",,MJD,
57235.5609378978,i,,,0.0586494,,18.8578,,Pan-STARRS1,2,,MJD,
57235.5735995936,i,,,0.0401997,,18.8818,,Pan-STARRS1,2,,MJD,
57235.5855647475,i,,,0.0395239,,18.8595,,Pan-STARRS1,2,,MJD,
57235.5976326824,i,,,0.035121,,18.8558,,Pan-STARRS1,2,,MJD,
57237.5683416578,i,,,0.0352706,,18.8067,,Pan-STARRS1,2,,MJD,
57237.5803058576,i,,,0.0341564,,18.93,,Pan-STARRS1,2,,MJD,
57237.5923715331,i,,,0.0336319,,18.8786,,Pan-STARRS1,2,,MJD,
57237.604345641,i,,,0.034033,,18.9003,,Pan-STARRS1,2,,MJD,
