time,band,bandset,e_fluxdensity,e_magnitude,fluxdensity,magnitude,system,telescope,source,u_fluxdensity,u_time,upperlimit
57144.2597023862,i,,,0.141346,,19.1978,,Pan-STARRS1,2,,MJD,
57144.2706424861,i,,,0.148529,,19.3029,,Pan-STARRS1,2,,MJD,
57144.2816043519,i,,,0.141768,,19.2955,,Pan-STARRS1,2,,MJD,
57144.2925465875,i,,,0.193182,,19.4156,,Pan-STARRS1,2,,MJD,
57145.2563826647,i,,,0.0513079,,19.174,,Pan-STARRS1,2,,MJD,
57145.267267366,i,,,0.0556888,,19.2618,,Pan-STARRS1,2,,MJD,
57145.2781054227,i,,,0.0493504,,19.2163,,Pan-STARRS1,2,,MJD,
57145.2889824895,i,,,0.0547328,,19.198,,Pan-STARRS1,2,,MJD,
