time,band,bandset,e_fluxdensity,e_magnitude,fluxdensity,magnitude,system,telescope,source,u_fluxdensity,u_time,upperlimit
57116.5134671424,i,,,0.0708951,,19.2381,,Pan-STARRS1,"2,3,5",,MJD,
57116.526408404,i,,,0.0689376,,19.2312,,Pan-STARRS1,"2,3,5",,MJD,
57116.5383953281,i,,,0.0809712,,19.2778,,Pan-STARRS1,"2,3,5",,MJD,
57116.5504604462,i,,,0.0617439,,19.1931,,Pan-STARRS1,"2,3,5",,MJD,
57118.5021105112,i,,,0.105461,,19.2314,,Pan-STARRS1,"2,3,5",,MJD,
57118.5140509867,i,,,0.0954329,,19.2177,,Pan-STARRS1,"2,3,5",,MJD,
57118.5259834443,i,,,0.0883003,,19.2349,,Pan-STARRS1,"2,3,5",,MJD,
57118.5380017605,i,,,0.0869582,,19.2246,,Pan-STARRS1,"2,3,5",,MJD,
