time,band,bandset,e_fluxdensity,e_magnitude,fluxdensity,magnitude,system,telescope,source,u_fluxdensity,u_time,upperlimit
57277.4433923029,w,,,0.0836738,,20.8642,,Pan-STARRS1,2,,MJD,
57277.4433923029,w,,,0.0828879,,20.8675,,Pan-STARRS1,2,,MJD,
57277.4537548116,w,,,0.0680302,,20.8118,,Pan-STARRS1,2,,MJD,
57277.4537548116,w,,,0.068134,,20.819,,Pan-STARRS1,2,,MJD,
57277.4641783204,w,,,0.0655032,,20.8739,,Pan-STARRS1,2,,MJD,
57277.4641783204,w,,,0.0666806,,20.8789,,Pan-STARRS1,2,,MJD,
57277.4746290068,w,,,0.0586531,,20.7827,,Pan-STARRS1,2,,MJD,
57277.4746290068,w,,,0.056298,,20.7837,,Pan-STARRS1,2,,MJD,
