time,band,bandset,e_fluxdensity,e_magnitude,fluxdensity,magnitude,system,telescope,source,u_fluxdensity,u_time,upperlimit
57119.2505391844,r,,,0.0488598,,19.7874,,Pan-STARRS1,"1,3",,MJD,
57119.2635167235,r,,,0.0532282,,19.7111,,Pan-STARRS1,"1,3",,MJD,
57119.2764612805,r,,,0.0505426,,19.7021,,Pan-STARRS1,"1,3",,MJD,
57119.289526939,r,,,0.0635107,,19.7897,,Pan-STARRS1,"1,3",,MJD,
57176.2777532144,r,,,0.0647025,,19.5231,,Pan-STARRS1,"1,3",,MJD,
57176.2914565895,r,,,0.0549545,,19.3948,,Pan-STARRS1,"1,3",,MJD,
57176.3052303689,r,,,0.0569902,,19.5178,,Pan-STARRS1,"1,3",,MJD,
57176.3190128741,r,,,0.0655236,,19.4286,,Pan-STARRS1,"1,3",,MJD,
