time,band,bandset,e_fluxdensity,e_magnitude,fluxdensity,magnitude,system,telescope,source,u_fluxdensity,u_time,upperlimit
57095.2595081818,w,,,0.0764592,,20.4203,,Pan-STARRS1,2,,MJD,
57095.2731012992,w,,,0.0892193,,20.4972,,Pan-STARRS1,2,,MJD,
57095.2866734736,w,,,0.103634,,20.4462,,Pan-STARRS1,2,,MJD,
57095.3002142832,w,,,0.05214,,20.4685,,Pan-STARRS1,2,,MJD,
57096.2402454577,w,,,0.0426083,,20.3964,,Pan-STARRS1,2,,MJD,
57096.2534008954,w,,,0.0419712,,20.3723,,Pan-STARRS1,2,,MJD,
57096.266191158,w,,,0.0413391,,20.4506,,Pan-STARRS1,2,,MJD,
57096.2789801601,w,,,0.038349,,20.3348,,Pan-STARRS1,2,,MJD,
