time,band,bandset,e_fluxdensity,e_magnitude,fluxdensity,magnitude,system,telescope,source,u_fluxdensity,u_time,upperlimit
57288.3360988941,i,,,0.145586,,20.7716,,Pan-STARRS1,2,,MJD,
57288.3568923334,i,,,0.156319,,20.738,,Pan-STARRS1,2,,MJD,
57303.3878804358,w,,,0.244441,,21.11,,Pan-STARRS1,2,,MJD,
57303.400585976,w,,,0.157605,,21.3318,,Pan-STARRS1,2,,MJD,
57303.4132828121,w,,,0.184306,,21.2554,,Pan-STARRS1,2,,MJD,
57304.3769762943,w,,,0.091971,,21.249,,Pan-STARRS1,2,,MJD,
57304.3896813044,w,,,0.0681571,,21.2336,,Pan-STARRS1,2,,MJD,
57304.4022926283,w,,,0.0755749,,21.2414,,Pan-STARRS1,2,,MJD,
57304.4149222844,w,,,0.074201,,21.2295,,Pan-STARRS1,2,,MJD,
