time,band,bandset,e_fluxdensity,e_magnitude,fluxdensity,magnitude,system,telescope,source,u_fluxdensity,u_time,upperlimit
57095.2650005765,w,,,0.131009,,20.7802,,Pan-STARRS1,2,,MJD,
57095.2785271989,w,,,0.113703,,20.8378,,Pan-STARRS1,2,,MJD,
57095.2927668713,w,,,0.113084,,20.8216,,Pan-STARRS1,2,,MJD,
57095.3057388164,w,,,0.0994306,,20.7445,,Pan-STARRS1,2,,MJD,
57096.2460366607,w,,,0.0666684,,20.8709,,Pan-STARRS1,2,,MJD,
57096.2588251843,w,,,0.0716498,,20.7863,,Pan-STARRS1,2,,MJD,
57096.2716133051,w,,,0.0750078,,20.8444,,Pan-STARRS1,2,,MJD,
57096.2844003389,w,,,0.151109,,20.7665,,Pan-STARRS1,2,,MJD,
