time,band,bandset,e_fluxdensity,e_magnitude,fluxdensity,magnitude,system,telescope,source,u_fluxdensity,u_time,upperlimit
57343.2086857627,i,,,0.0453392,,19.309,,Pan-STARRS1,2,,MJD,
57343.2205533921,i,,,0.0596836,,19.3706,,Pan-STARRS1,2,,MJD,
57343.2323887759,i,,,0.064953,,19.2853,,Pan-STARRS1,2,,MJD,
57343.2442098861,i,,,0.0557569,,19.3954,,Pan-STARRS1,2,,MJD,
57366.2071715718,w,,,0.141289,,20.1562,,Pan-STARRS1,2,,MJD,
57366.2191662174,w,,,0.096649,,19.8746,,Pan-STARRS1,2,,MJD,
57366.2311021229,w,,,0.157212,,20.1378,,Pan-STARRS1,2,,MJD,
57366.2430984081,w,,,0.167521,,20.1256,,Pan-STARRS1,2,,MJD,
