time,band,bandset,e_fluxdensity,e_magnitude,fluxdensity,magnitude,system,telescope,source,u_fluxdensity,u_time,upperlimit
57298.2309006864,w,,,0.136642,,21.3169,,Pan-STARRS1,2,,MJD,
57298.2419002722,w,,,0.122251,,21.426,,Pan-STARRS1,2,,MJD,
57298.2528824378,w,,,0.114792,,21.302,,Pan-STARRS1,2,,MJD,
57298.2638972431,w,,,0.119083,,21.1759,,Pan-STARRS1,2,,MJD,
57303.2272053896,w,,,0.100589,,20.7462,,Pan-STARRS1,2,,MJD,
57303.2381881865,w,,,0.127539,,20.7108,,Pan-STARRS1,2,,MJD,
57303.2491938203,w,,,0.086365,,20.8307,,Pan-STARRS1,2,,MJD,
57303.260194797,w,,,0.101734,,20.8756,,Pan-STARRS1,2,,MJD,
