time,band,bandset,e_fluxdensity,e_magnitude,fluxdensity,magnitude,system,telescope,source,u_fluxdensity,u_time,upperlimit
57245.5,,,,,,21.0,,,"2,3",,MJD,
57246.5510964822,w,,,0.0875513,,21.0024,,Pan-STARRS1,2,,MJD,
57246.5622376072,w,,,0.0746187,,20.9789,,Pan-STARRS1,2,,MJD,
57246.5734033102,w,,,0.0957745,,20.9961,,Pan-STARRS1,2,,MJD,
57246.5846145855,w,,,0.0943526,,21.0365,,Pan-STARRS1,2,,MJD,
57248.5526897422,w,,,0.122303,,20.9591,,Pan-STARRS1,2,,MJD,
57248.5638856469,w,,,0.144212,,21.0943,,Pan-STARRS1,2,,MJD,
57277.4815526786,w,,,0.195182,,22.2436,,Pan-STARRS1,2,,MJD,
57277.5050930999,w,,,0.174258,,22.3566,,Pan-STARRS1,2,,MJD,
