time,band,bandset,e_fluxdensity,e_magnitude,fluxdensity,magnitude,system,telescope,source,u_fluxdensity,u_time,upperlimit
57108.4684214276,w,,,0.0877097,,21.0891,,Pan-STARRS1,2,,MJD,
57108.4684214276,w,,,0.0883458,,21.1191,,Pan-STARRS1,2,,MJD,
57108.4835339756,w,,,0.0805621,,21.0165,,Pan-STARRS1,2,,MJD,
57108.4835339756,w,,,0.0819025,,21.0555,,Pan-STARRS1,2,,MJD,
57108.5016313065,w,,,0.172485,,21.1355,,Pan-STARRS1,2,,MJD,
57108.5016313065,w,,,0.161911,,21.1788,,Pan-STARRS1,2,,MJD,
57108.5167448641,w,,,0.14168,,21.0719,,Pan-STARRS1,2,,MJD,
57108.5167448641,w,,,0.140028,,21.1081,,Pan-STARRS1,2,,MJD,
