time,band,bandset,e_fluxdensity,e_magnitude,fluxdensity,magnitude,system,telescope,source,u_fluxdensity,u_time,upperlimit
57307.4339118187,w,,,0.126616,,21.4512,,Pan-STARRS1,2,,MJD,
57307.4461702001,w,,,0.169694,,21.4557,,Pan-STARRS1,2,,MJD,
57307.4584349665,w,,,0.148753,,21.3931,,Pan-STARRS1,2,,MJD,
57307.4707267736,w,,,0.221419,,21.4912,,Pan-STARRS1,2,,MJD,
57310.5202253753,w,,,0.156142,,21.4003,,Pan-STARRS1,2,,MJD,
57310.5319311401,w,,,0.163063,,21.5175,,Pan-STARRS1,2,,MJD,
57310.5435723565,w,,,0.149496,,21.2923,,Pan-STARRS1,2,,MJD,
57310.5552028167,w,,,0.0743717,,21.254,,Pan-STARRS1,2,,MJD,
