time,band,bandset,e_fluxdensity,e_magnitude,fluxdensity,magnitude,system,telescope,source,u_fluxdensity,u_time,upperlimit
57332.2679213685,w,,,0.0698399,,20.8637,,Pan-STARRS1,2,,MJD,
57332.2791168946,w,,,0.0836801,,20.9525,,Pan-STARRS1,2,,MJD,
57332.290300156,w,,,0.0847193,,20.8997,,Pan-STARRS1,2,,MJD,
57332.3015686098,w,,,0.147479,,21.0822,,Pan-STARRS1,2,,MJD,
57333.2470810176,w,,,0.214839,,20.873,,Pan-STARRS1,2,,MJD,
57365.2570426273,w,,,0.140886,,21.8463,,Pan-STARRS1,2,,MJD,
57365.2692975965,w,,,0.164209,,21.9617,,Pan-STARRS1,2,,MJD,
57365.2938634912,w,,,0.132034,,21.8517,,Pan-STARRS1,2,,MJD,
