time,band,bandset,e_fluxdensity,e_magnitude,fluxdensity,magnitude,system,telescope,source,u_fluxdensity,u_time,upperlimit
57105.4827202051,w,,,0.0709597,,20.7233,,Pan-STARRS1,2,,MJD,
57105.4942171179,w,,,0.0963631,,20.7442,,Pan-STARRS1,2,,MJD,
57105.5056838165,w,,,0.0832741,,20.7302,,Pan-STARRS1,2,,MJD,
57105.5171273871,w,,,0.0960918,,20.786,,Pan-STARRS1,2,,MJD,
57106.4968345807,w,,,0.0591385,,20.743,,Pan-STARRS1,2,,MJD,
57106.5082938703,w,,,0.06393,,20.7375,,Pan-STARRS1,2,,MJD,
57106.5197452861,w,,,0.068652,,20.799,,Pan-STARRS1,2,,MJD,
57106.5312227774,w,,,0.0567818,,20.8342,,Pan-STARRS1,2,,MJD,
57128.429635853,w,,,0.166607,,21.7909,,Pan-STARRS1,2,,MJD,
