time,band,bandset,e_fluxdensity,e_magnitude,fluxdensity,magnitude,system,telescope,source,u_fluxdensity,u_time,upperlimit
57178.3295914918,i,,,0.036878,,19.3252,,Pan-STARRS1,2,,MJD,
57178.3427041742,i,,,0.0441327,,19.341,,Pan-STARRS1,2,,MJD,
57178.355798645,i,,,0.0433221,,19.3818,,Pan-STARRS1,2,,MJD,
57178.3688806021,i,,,0.0517042,,19.2747,,Pan-STARRS1,2,,MJD,
57179.3839520188,i,,,0.0632324,,19.2919,,Pan-STARRS1,2,,MJD,
57179.3969101771,i,,,0.0753542,,19.2719,,Pan-STARRS1,2,,MJD,
57179.4099666235,i,,,0.0908491,,19.3958,,Pan-STARRS1,2,,MJD,
57179.4229444148,i,,,0.0751674,,19.2164,,Pan-STARRS1,2,,MJD,
