time,band,bandset,e_fluxdensity,e_magnitude,fluxdensity,magnitude,system,telescope,source,u_fluxdensity,u_time,upperlimit
57199.2792086419,i,,,0.158395,,20.8935,,Pan-STARRS1,2,,MJD,
57199.2792086419,i,,,0.180792,,20.9543,,Pan-STARRS1,2,,MJD,
57199.2910803188,i,,,0.212447,,20.8294,,Pan-STARRS1,2,,MJD,
57199.2918204363,i,,,0.155295,,20.9533,,Pan-STARRS1,2,,MJD,
57199.2918204363,i,,,0.153979,,20.9835,,Pan-STARRS1,2,,MJD,
57199.304473735,i,,,0.17407,,20.8729,,Pan-STARRS1,2,,MJD,
57199.304473735,i,,,0.200262,,20.9539,,Pan-STARRS1,2,,MJD,
57199.3171079755,i,,,0.185949,,20.866,,Pan-STARRS1,2,,MJD,
