time,band,bandset,e_fluxdensity,e_magnitude,fluxdensity,magnitude,system,telescope,source,u_fluxdensity,u_time,upperlimit
57095.3627707019,w,,,0.125514,,21.318,,Pan-STARRS1,2,,MJD,
57095.3748521033,w,,,0.216581,,21.1489,,Pan-STARRS1,2,,MJD,
57095.3991184034,w,,,0.194862,,21.2313,,Pan-STARRS1,2,,MJD,
57096.3757261345,w,,,0.0827669,,21.1481,,Pan-STARRS1,2,,MJD,
57096.3880641208,w,,,0.164925,,21.1423,,Pan-STARRS1,2,,MJD,
57096.4004192409,w,,,0.142491,,21.1584,,Pan-STARRS1,2,,MJD,
57096.4127513915,w,,,0.131894,,21.1414,,Pan-STARRS1,2,,MJD,
57134.2664478886,w,,,0.194299,,21.6045,,Pan-STARRS1,2,,MJD,
