time,band,bandset,e_fluxdensity,e_magnitude,fluxdensity,magnitude,system,telescope,source,u_fluxdensity,u_time,upperlimit
57143.5,,,,,,19.4,,,"2,3",,MJD,
57144.5155117664,i,,,0.0748358,,19.4121,,Pan-STARRS1,2,,MJD,
57144.5279904202,i,,,0.131775,,19.3372,,Pan-STARRS1,2,,MJD,
57144.5404963057,i,,,0.145406,,19.3545,,Pan-STARRS1,2,,MJD,
57144.5530329031,i,,,0.132569,,19.367,,Pan-STARRS1,2,,MJD,
57145.477784847,i,,,0.0882696,,19.3691,,Pan-STARRS1,2,,MJD,
57145.4900533664,i,,,0.124238,,19.5515,,Pan-STARRS1,2,,MJD,
57145.5022697146,i,,,0.0808758,,19.3484,,Pan-STARRS1,2,,MJD,
57145.5145284048,i,,,0.152616,,19.4739,,Pan-STARRS1,2,,MJD,
