time,band,bandset,e_fluxdensity,e_magnitude,fluxdensity,magnitude,system,telescope,source,u_fluxdensity,u_time,upperlimit
57166.3651315468,i,,,0.0546919,,19.7514,,Pan-STARRS1,2,,MJD,
57166.378120868,i,,,0.0419758,,19.6859,,Pan-STARRS1,2,,MJD,
57166.3910812736,i,,,0.0380084,,19.6102,,Pan-STARRS1,2,,MJD,
57166.4041326796,i,,,0.0444049,,19.675,,Pan-STARRS1,2,,MJD,
57183.3148612367,w,,,0.115735,,20.2682,,Pan-STARRS1,2,,MJD,
57183.3286547313,w,,,0.134911,,20.3398,,Pan-STARRS1,2,,MJD,
57183.3424407295,w,,,0.134575,,20.3023,,Pan-STARRS1,2,,MJD,
57183.3562455837,w,,,0.120646,,20.3268,,Pan-STARRS1,2,,MJD,
