time,band,bandset,e_fluxdensity,e_magnitude,fluxdensity,magnitude,system,telescope,source,u_fluxdensity,u_time,upperlimit
57274.4108444695,w,,,0.0577162,,20.7471,,Pan-STARRS1,2,,MJD,
57274.4229973453,w,,,0.0608925,,20.6961,,Pan-STARRS1,2,,MJD,
57274.4351634071,w,,,0.0629567,,20.7246,,Pan-STARRS1,2,,MJD,
57274.4473676061,w,,,0.0701226,,20.6862,,Pan-STARRS1,2,,MJD,
57275.387163699,w,,,0.0667436,,20.7833,,Pan-STARRS1,2,,MJD,
57277.3888325853,w,,,0.0711836,,20.9707,,Pan-STARRS1,2,,MJD,
57277.4005924529,w,,,0.0743378,,20.9035,,Pan-STARRS1,2,,MJD,
57277.4123443865,w,,,0.0776589,,20.9451,,Pan-STARRS1,2,,MJD,
57277.4241024243,w,,,0.0882421,,20.9521,,Pan-STARRS1,2,,MJD,
