time,band,bandset,e_fluxdensity,e_magnitude,fluxdensity,magnitude,system,telescope,source,u_fluxdensity,u_time,upperlimit
57212.3020576374,w,,,0.0820256,,21.1601,,Pan-STARRS1,2,,MJD,
57212.3146068737,w,,,0.0787236,,21.0934,,Pan-STARRS1,2,,MJD,
57212.3272141479,w,,,0.0681398,,21.0511,,Pan-STARRS1,2,,MJD,
57212.3397721927,w,,,0.0832945,,21.0928,,Pan-STARRS1,2,,MJD,
57215.3032606937,w,,,0.075657,,21.119,,Pan-STARRS1,2,,MJD,
57215.3157870708,w,,,0.0731042,,21.1446,,Pan-STARRS1,2,,MJD,
57215.3283738135,w,,,0.0695826,,21.0723,,Pan-STARRS1,2,,MJD,
57215.3410231741,w,,,0.0688132,,21.1283,,Pan-STARRS1,2,,MJD,
