time,band,bandset,e_fluxdensity,e_magnitude,fluxdensity,magnitude,system,telescope,source,u_fluxdensity,u_time,upperlimit
57200.2847163497,i,,,0.0409595,,19.4882,,Pan-STARRS1,2,,MJD,
57200.2959604017,i,,,0.0523342,,19.5128,,Pan-STARRS1,2,,MJD,
57200.3072548892,i,,,0.0550187,,19.4111,,Pan-STARRS1,2,,MJD,
57200.3185731665,i,,,0.0554914,,19.4346,,Pan-STARRS1,2,,MJD,
57201.2805689075,i,,,0.0645425,,19.5121,,Pan-STARRS1,2,,MJD,
57201.2917945845,i,,,0.0763189,,19.5235,,Pan-STARRS1,2,,MJD,
57201.3030095748,i,,,0.0491686,,19.6339,,Pan-STARRS1,2,,MJD,
57201.3142576989,i,,,0.0523905,,19.5209,,Pan-STARRS1,2,,MJD,
57208.3878710462,r,,,0.213519,,19.6195,,Pan-STARRS1,2,,MJD,
