time,band,bandset,e_fluxdensity,e_magnitude,fluxdensity,magnitude,system,telescope,source,u_fluxdensity,u_time,upperlimit
57188.4764786972,w,,,0.0889629,,20.5014,,Pan-STARRS1,2,,MJD,
57188.4877474462,w,,,0.0861665,,20.521,,Pan-STARRS1,2,,MJD,
57188.4989858032,w,,,0.0830146,,20.5861,,Pan-STARRS1,2,,MJD,
57188.5102649196,w,,,0.0704077,,20.4857,,Pan-STARRS1,2,,MJD,
57199.5407677215,w,,,0.0490372,,21.1728,,Pan-STARRS1,2,,MJD,
57199.5517783306,w,,,0.0493998,,21.1217,,Pan-STARRS1,2,,MJD,
57199.5627643686,w,,,0.0523031,,21.2283,,Pan-STARRS1,2,,MJD,
57199.5737520243,w,,,0.0610199,,21.2076,,Pan-STARRS1,2,,MJD,
57201.5874971822,w,,,0.0962844,,21.2493,,Pan-STARRS1,2,,MJD,
