time,band,bandset,e_fluxdensity,e_magnitude,fluxdensity,magnitude,system,telescope,source,u_fluxdensity,u_time,upperlimit
57135.5494973883,w,,,0.05988,,20.6651,,Pan-STARRS1,2,,MJD,
57135.562242927,w,,,0.0534835,,20.6737,,Pan-STARRS1,2,,MJD,
57135.5749288778,w,,,0.0547233,,20.6758,,Pan-STARRS1,2,,MJD,
57135.5876187072,w,,,0.0745772,,20.686,,Pan-STARRS1,2,,MJD,
57137.5155894244,w,,,0.0486492,,20.7625,,Pan-STARRS1,2,,MJD,
57137.5276536495,w,,,0.0561276,,20.8622,,Pan-STARRS1,2,,MJD,
57137.5397483696,w,,,0.0582047,,20.8259,,Pan-STARRS1,2,,MJD,
57137.5518114818,w,,,0.0438463,,20.7655,,Pan-STARRS1,2,,MJD,
