time,band,bandset,e_fluxdensity,e_magnitude,fluxdensity,magnitude,system,telescope,source,u_fluxdensity,u_time,upperlimit
57145.3012648037,i,,,0.0791959,,19.7813,,Pan-STARRS1,2,,MJD,
57145.3012648038,i,,,0.0873997,,19.8066,,Pan-STARRS1,2,,MJD,
57145.3144904147,i,,,0.0661243,,19.8008,,Pan-STARRS1,2,,MJD,
57145.3144904147,i,,,0.0586136,,19.8082,,Pan-STARRS1,2,,MJD,
57145.3276948063,i,,,0.073311,,19.8014,,Pan-STARRS1,2,,MJD,
57145.3276948063,i,,,0.0658865,,19.8099,,Pan-STARRS1,2,,MJD,
57145.3409085502,i,,,0.0787183,,19.8684,,Pan-STARRS1,2,,MJD,
57145.3409085502,i,,,0.0853649,,19.8691,,Pan-STARRS1,2,,MJD,
