time,band,bandset,e_fluxdensity,e_magnitude,fluxdensity,magnitude,system,telescope,source,u_fluxdensity,u_time,upperlimit
57274.4215524698,w,,,0.0228991,,20.111,,Pan-STARRS1,2,,MJD,
57274.4337063306,w,,,0.0216377,,20.063,,Pan-STARRS1,2,,MJD,
57274.4458960797,w,,,0.0214141,,20.1104,,Pan-STARRS1,2,,MJD,
57274.458110054,w,,,0.0214841,,20.0857,,Pan-STARRS1,2,,MJD,
57277.3985609337,w,,,0.0248635,,20.0418,,Pan-STARRS1,2,,MJD,
57277.4103270886,w,,,0.0237136,,20.0244,,Pan-STARRS1,2,,MJD,
57277.4220667095,w,,,0.0233076,,20.0395,,Pan-STARRS1,2,,MJD,
57277.433821821,w,,,0.0252555,,20.0583,,Pan-STARRS1,2,,MJD,
