time,band,bandset,e_fluxdensity,e_magnitude,fluxdensity,magnitude,system,telescope,source,u_fluxdensity,u_time,upperlimit
57163.3798216822,w,,,0.0448172,,20.5126,,Pan-STARRS1,2,,MJD,
57163.3925925937,w,,,0.0450454,,20.4411,,Pan-STARRS1,2,,MJD,
57163.4054022259,w,,,0.0521037,,20.4739,,Pan-STARRS1,2,,MJD,
57163.4182141219,w,,,0.0540517,,20.4516,,Pan-STARRS1,2,,MJD,
57191.3529015067,w,,,0.141674,,22.1055,,Pan-STARRS1,2,,MJD,
57191.3657262254,w,,,0.188443,,22.0475,,Pan-STARRS1,2,,MJD,
57192.3389932803,w,,,0.138418,,21.9098,,Pan-STARRS1,2,,MJD,
57192.3650400495,w,,,0.161649,,22.0682,,Pan-STARRS1,2,,MJD,
