time,band,bandset,e_fluxdensity,e_magnitude,fluxdensity,magnitude,system,telescope,source,u_fluxdensity,u_time,upperlimit
57362.2620945323,w,,,0.0272281,,19.0745,,Pan-STARRS1,3,,MJD,
57362.2727999819,w,,,0.029307,,19.0549,,Pan-STARRS1,3,,MJD,
57362.2835173888,w,,,0.0259599,,19.0761,,Pan-STARRS1,3,,MJD,
57362.2941906793,w,,,0.0288369,,19.0493,,Pan-STARRS1,3,,MJD,
57363.3127320046,w,,,0.0253066,,18.9946,,Pan-STARRS1,3,,MJD,
57363.3236978934,w,,,0.0204602,,18.9645,,Pan-STARRS1,3,,MJD,
57363.3346540019,w,,,0.022609,,18.9691,,Pan-STARRS1,3,,MJD,
57363.3456092541,w,,,0.0351593,,19.0282,,Pan-STARRS1,3,,MJD,
