time,band,bandset,e_fluxdensity,e_magnitude,fluxdensity,magnitude,system,telescope,source,u_fluxdensity,u_time,upperlimit
57073.2383568757,w,,,0.0969068,,20.012,,Pan-STARRS1,2,,MJD,
57073.2514733319,w,,,0.103984,,19.946,,Pan-STARRS1,2,,MJD,
57073.2646237566,w,,,0.0650714,,19.9522,,Pan-STARRS1,2,,MJD,
57073.2777911499,w,,,0.0841246,,19.9403,,Pan-STARRS1,2,,MJD,
57075.2387859472,w,,,0.117042,,20.0729,,Pan-STARRS1,2,,MJD,
57075.2519557426,w,,,0.113416,,20.0969,,Pan-STARRS1,2,,MJD,
57075.2652734863,w,,,0.0853721,,20.0523,,Pan-STARRS1,2,,MJD,
57075.2785931952,w,,,0.0962841,,20.1515,,Pan-STARRS1,2,,MJD,
