time,band,bandset,e_fluxdensity,e_magnitude,fluxdensity,magnitude,system,telescope,source,u_fluxdensity,u_time,upperlimit
57206.3308604211,i,,,0.0584632,,19.9196,,Pan-STARRS1,2,,MJD,
57206.3309105754,i,,,0.0618445,,19.9382,,Pan-STARRS1,2,,MJD,
57206.3425681544,i,,,0.0603415,,19.9268,,Pan-STARRS1,2,,MJD,
57206.3425681544,i,,,0.0631717,,19.9519,,Pan-STARRS1,2,,MJD,
57206.3541391909,i,,,0.0557141,,19.8344,,Pan-STARRS1,2,,MJD,
57206.3541893452,i,,,0.058614,,19.866,,Pan-STARRS1,2,,MJD,
57206.3657332474,i,,,0.0689197,,19.9617,,Pan-STARRS1,2,,MJD,
57206.3657834018,i,,,0.0656228,,19.9277,,Pan-STARRS1,2,,MJD,
