time,band,bandset,e_fluxdensity,e_magnitude,fluxdensity,magnitude,system,telescope,source,u_fluxdensity,u_time,upperlimit
57071.5347154532,w,,,0.119359,,21.1478,,Pan-STARRS1,2,,MJD,
57071.5471770811,w,,,0.111406,,21.1558,,Pan-STARRS1,2,,MJD,
57071.5596377975,w,,,0.1132,,21.075,,Pan-STARRS1,2,,MJD,
57071.572091619,w,,,0.122553,,21.1325,,Pan-STARRS1,2,,MJD,
57072.5071808388,w,,,0.0637441,,21.0369,,Pan-STARRS1,2,,MJD,
57072.519635514,w,,,0.0836435,,21.1269,,Pan-STARRS1,2,,MJD,
57072.5321045732,w,,,0.077737,,21.1752,,Pan-STARRS1,2,,MJD,
57072.544569294,w,,,0.196765,,21.0567,,Pan-STARRS1,2,,MJD,
