time,band,bandset,e_fluxdensity,e_magnitude,fluxdensity,magnitude,system,telescope,source,u_fluxdensity,u_time,upperlimit
57097.3677085443,w,,,0.0419611,,20.0155,,Pan-STARRS1,2,,MJD,
57097.380059591,w,,,0.0342888,,20.0591,,Pan-STARRS1,2,,MJD,
57097.3923193491,w,,,0.039012,,20.0198,,Pan-STARRS1,2,,MJD,
57097.4045263216,w,,,0.0323072,,20.0515,,Pan-STARRS1,2,,MJD,
57122.3003949752,w,,,0.0834074,,21.1144,,Pan-STARRS1,2,,MJD,
57122.3122069029,w,,,0.0814908,,21.1293,,Pan-STARRS1,2,,MJD,
57122.3239871692,w,,,0.10005,,21.1663,,Pan-STARRS1,2,,MJD,
57122.3358221155,w,,,0.0762335,,21.1976,,Pan-STARRS1,2,,MJD,
