time,band,bandset,e_fluxdensity,e_magnitude,fluxdensity,magnitude,system,telescope,source,u_fluxdensity,u_time,upperlimit
57274.3194790855,w,,,0.0547879,,20.7377,,Pan-STARRS1,2,,MJD,
57274.3316697654,w,,,0.0535148,,20.7461,,Pan-STARRS1,2,,MJD,
57274.3437786343,w,,,0.0556197,,20.7498,,Pan-STARRS1,2,,MJD,
57274.3558381666,w,,,0.0609821,,20.7307,,Pan-STARRS1,2,,MJD,
57275.3182853428,w,,,0.0583739,,20.8792,,Pan-STARRS1,2,,MJD,
57277.3475770029,w,,,0.0681451,,20.9184,,Pan-STARRS1,2,,MJD,
57277.3594667887,w,,,0.0524388,,20.8347,,Pan-STARRS1,2,,MJD,
57277.3713000611,w,,,0.0887013,,20.9011,,Pan-STARRS1,2,,MJD,
57277.383174935,w,,,0.054559,,20.8893,,Pan-STARRS1,2,,MJD,
