time,band,bandset,e_fluxdensity,e_magnitude,fluxdensity,magnitude,system,telescope,source,u_fluxdensity,u_time,upperlimit
57303.5273819515,w,,,0.060212,,21.3283,,Pan-STARRS1,2,,MJD,
57303.5403349482,w,,,0.0758875,,21.4239,,Pan-STARRS1,2,,MJD,
57303.553284904,w,,,0.0643536,,21.4437,,Pan-STARRS1,2,,MJD,
57303.5662500076,w,,,0.0639891,,21.4333,,Pan-STARRS1,2,,MJD,
57304.5223084703,w,,,0.0708752,,21.3144,,Pan-STARRS1,2,,MJD,
57304.5352510895,w,,,0.0710858,,21.3189,,Pan-STARRS1,2,,MJD,
57304.5481640068,w,,,0.0928113,,21.452,,Pan-STARRS1,2,,MJD,
57304.5611278023,w,,,0.0593074,,21.3562,,Pan-STARRS1,2,,MJD,
