time,band,bandset,e_fluxdensity,e_magnitude,fluxdensity,magnitude,system,telescope,source,u_fluxdensity,u_time,upperlimit
57167.3179165823,i,,,0.0848598,,20.3326,,Pan-STARRS1,2,,MJD,
57167.3308844147,i,,,0.0806988,,20.531,,Pan-STARRS1,2,,MJD,
57167.3437814396,i,,,0.0718202,,20.4411,,Pan-STARRS1,2,,MJD,
57167.3566679704,i,,,0.0898448,,20.3737,,Pan-STARRS1,2,,MJD,
57168.3142047678,i,,,0.0983081,,20.5337,,Pan-STARRS1,2,,MJD,
57168.3270820766,i,,,0.0989807,,20.5398,,Pan-STARRS1,2,,MJD,
57168.3399483007,i,,,0.13994,,20.4513,,Pan-STARRS1,2,,MJD,
57168.3528689918,i,,,0.102632,,20.4014,,Pan-STARRS1,2,,MJD,
