time,band,bandset,e_fluxdensity,e_magnitude,fluxdensity,magnitude,system,telescope,source,u_fluxdensity,u_time,upperlimit
57101.3521124934,w,,,0.0992123,,21.4198,,Pan-STARRS1,2,,MJD,
57101.3648136598,w,,,0.0826797,,21.3357,,Pan-STARRS1,2,,MJD,
57101.3774876174,w,,,0.0824227,,21.3575,,Pan-STARRS1,2,,MJD,
57101.4248689111,w,,,0.143846,,21.3992,,Pan-STARRS1,2,,MJD,
57102.3862708495,w,,,0.0662925,,21.2768,,Pan-STARRS1,2,,MJD,
57102.398886357,w,,,0.0738821,,21.1567,,Pan-STARRS1,2,,MJD,
57102.4114144663,w,,,0.0714817,,21.1955,,Pan-STARRS1,2,,MJD,
57102.4240655373,w,,,0.101022,,21.1842,,Pan-STARRS1,2,,MJD,
57126.2997184334,w,,,0.159344,,21.1988,,Pan-STARRS1,2,,MJD,
