time,band,bandset,e_fluxdensity,e_magnitude,fluxdensity,magnitude,system,telescope,source,u_fluxdensity,u_time,upperlimit
57121.2534136075,w,,,0.119973,,20.1307,,Pan-STARRS1,2,,MJD,
57121.2665500781,w,,,0.0763083,,20.1657,,Pan-STARRS1,2,,MJD,
57121.2796693431,w,,,0.158347,,20.1963,,Pan-STARRS1,2,,MJD,
57121.2929087482,w,,,0.10259,,20.1519,,Pan-STARRS1,2,,MJD,
57122.2517282624,w,,,0.0412385,,20.1204,,Pan-STARRS1,2,,MJD,
57122.263678336,w,,,0.0412223,,20.211,,Pan-STARRS1,2,,MJD,
57122.2757045864,w,,,0.040137,,20.1674,,Pan-STARRS1,2,,MJD,
57122.2878636677,w,,,0.0390729,,20.1648,,Pan-STARRS1,2,,MJD,
