time,band,bandset,e_fluxdensity,e_magnitude,fluxdensity,magnitude,system,telescope,source,u_fluxdensity,u_time,upperlimit
57274.4759316634,w,,,0.0183123,,18.9284,,Pan-STARRS1,2,,MJD,
57274.4882136309,w,,,0.0149037,,18.9329,,Pan-STARRS1,2,,MJD,
57274.5004869426,w,,,0.0144775,,18.9039,,Pan-STARRS1,2,,MJD,
57274.5127787017,w,,,0.0147316,,18.8783,,Pan-STARRS1,2,,MJD,
57305.3934064564,w,,,0.0936713,,20.5513,,Pan-STARRS1,2,,MJD,
57305.4056695276,w,,,0.0666346,,20.5205,,Pan-STARRS1,2,,MJD,
57305.4179194933,w,,,0.0845186,,20.5148,,Pan-STARRS1,2,,MJD,
57305.4302384231,w,,,0.0812204,,20.562,,Pan-STARRS1,2,,MJD,
57359.3394689074,w,,,0.165765,,21.8995,,Pan-STARRS1,2,,MJD,
