time,band,bandset,e_fluxdensity,e_magnitude,fluxdensity,magnitude,system,telescope,source,u_fluxdensity,u_time,upperlimit
57076.5138083022,w,,,0.0322044,,19.8536,,Pan-STARRS1,2,,MJD,
57076.5243839202,w,,,0.0334535,,19.832,,Pan-STARRS1,2,,MJD,
57076.5349727608,w,,,0.0360247,,19.8445,,Pan-STARRS1,2,,MJD,
57076.5455689019,w,,,0.034517,,19.7998,,Pan-STARRS1,2,,MJD,
57077.5049261996,w,,,0.0616656,,19.8086,,Pan-STARRS1,2,,MJD,
57077.515509686,w,,,0.0489283,,19.8474,,Pan-STARRS1,2,,MJD,
57077.5260633674,w,,,0.0517712,,19.7616,,Pan-STARRS1,2,,MJD,
57077.536635702,w,,,0.0421795,,19.8178,,Pan-STARRS1,2,,MJD,
