time,band,bandset,e_fluxdensity,e_magnitude,fluxdensity,magnitude,system,telescope,source,u_fluxdensity,u_time,upperlimit
57077.2434585635,r,,,0.0367168,,18.9365,,Pan-STARRS1,2,,MJD,
57077.2434585635,r,,,0.0291181,,18.9733,,Pan-STARRS1,2,,MJD,
57077.2578607717,r,,,0.0520357,,18.9463,,Pan-STARRS1,2,,MJD,
57077.2578607717,r,,,0.0398884,,18.9895,,Pan-STARRS1,2,,MJD,
57077.2716399931,r,,,0.0571193,,18.8639,,Pan-STARRS1,2,,MJD,
57077.2716399931,r,,,0.0434323,,18.8977,,Pan-STARRS1,2,,MJD,
57077.2854428575,r,,,0.0601518,,18.875,,Pan-STARRS1,2,,MJD,
57077.2854428575,r,,,0.0475925,,18.8999,,Pan-STARRS1,2,,MJD,
