time,band,bandset,e_fluxdensity,e_magnitude,fluxdensity,magnitude,system,telescope,source,u_fluxdensity,u_time,upperlimit
57328.3188745654,w,,,0.0818879,,20.7225,,Pan-STARRS1,2,,MJD,
57328.3306133897,w,,,0.0981907,,20.7656,,Pan-STARRS1,2,,MJD,
57328.3425094839,w,,,0.115601,,20.7753,,Pan-STARRS1,2,,MJD,
57328.3543570801,w,,,0.118487,,20.6621,,Pan-STARRS1,2,,MJD,
57333.2599469499,w,,,0.113629,,20.6814,,Pan-STARRS1,2,,MJD,
57333.2728075589,w,,,0.189489,,20.718,,Pan-STARRS1,2,,MJD,
57333.2856633598,w,,,0.0966643,,20.7599,,Pan-STARRS1,2,,MJD,
57333.2985162128,w,,,0.0940513,,20.688,,Pan-STARRS1,2,,MJD,
