time,band,bandset,e_fluxdensity,e_magnitude,fluxdensity,magnitude,system,telescope,source,u_fluxdensity,u_time,upperlimit
57109.4449440595,r,,,0.148874,,20.3969,,Pan-STARRS1,2,,MJD,
57109.456846308,r,,,0.104083,,20.2761,,Pan-STARRS1,2,,MJD,
57109.4721984403,r,,,0.072373,,20.3158,,Pan-STARRS1,2,,MJD,
57109.4845750476,r,,,0.0816235,,20.27,,Pan-STARRS1,2,,MJD,
57149.3154394408,i,,,0.178654,,20.81,,Pan-STARRS1,2,,MJD,
57149.3282705411,i,,,0.197096,,20.6827,,Pan-STARRS1,2,,MJD,
57149.3409841559,i,,,0.161677,,20.8533,,Pan-STARRS1,2,,MJD,
57149.3536638399,i,,,0.163562,,20.6867,,Pan-STARRS1,2,,MJD,
