time,band,bandset,e_fluxdensity,e_magnitude,fluxdensity,magnitude,system,telescope,source,u_fluxdensity,u_time,upperlimit
57204.3867158601,i,,,0.0480841,,19.4583,,Pan-STARRS1,2,,MJD,
57204.4006331599,i,,,0.0428448,,19.5008,,Pan-STARRS1,2,,MJD,
57204.4145926769,i,,,0.0497199,,19.4999,,Pan-STARRS1,2,,MJD,
57204.4286527039,i,,,0.0522215,,19.5481,,Pan-STARRS1,2,,MJD,
57205.3803378223,i,,,0.0482564,,19.4336,,Pan-STARRS1,2,,MJD,
57205.3943262655,i,,,0.0467199,,19.4285,,Pan-STARRS1,2,,MJD,
57205.4082533405,i,,,0.0584202,,19.412,,Pan-STARRS1,2,,MJD,
57205.4222077378,i,,,0.0584302,,19.3656,,Pan-STARRS1,2,,MJD,
57328.2015273189,z,,,0.0931158,,19.4099,,Pan-STARRS1,2,,MJD,
