time,band,bandset,e_fluxdensity,e_magnitude,fluxdensity,magnitude,system,telescope,source,u_fluxdensity,u_time,upperlimit
57101.2413914298,w,,,0.0437955,,19.9703,,Pan-STARRS1,2,,MJD,
57101.2548614101,w,,,0.0518416,,20.0674,,Pan-STARRS1,2,,MJD,
57101.2684256602,w,,,0.0605958,,20.0148,,Pan-STARRS1,2,,MJD,
57101.281973898,w,,,0.0363349,,20.0781,,Pan-STARRS1,2,,MJD,
57103.2470383506,w,,,0.0317807,,19.5921,,Pan-STARRS1,2,,MJD,
57103.2607614282,w,,,0.0324828,,19.6262,,Pan-STARRS1,2,,MJD,
57103.2745892922,w,,,0.03225,,19.6018,,Pan-STARRS1,2,,MJD,
57103.2883451063,w,,,0.0337993,,19.5603,,Pan-STARRS1,2,,MJD,
