time,band,bandset,e_fluxdensity,e_magnitude,fluxdensity,magnitude,system,telescope,source,u_fluxdensity,u_time,upperlimit
57069.4587607462,w,,,0.0840266,,21.0286,,Pan-STARRS1,2,,MJD,
57069.4587607462,w,,,0.0800753,,21.0362,,Pan-STARRS1,2,,MJD,
57069.4716715813,w,,,0.0684416,,21.1272,,Pan-STARRS1,2,,MJD,
57069.4716715813,w,,,0.0669045,,21.1447,,Pan-STARRS1,2,,MJD,
57069.4845467213,w,,,0.0697904,,21.005,,Pan-STARRS1,2,,MJD,
57069.4845467213,w,,,0.0723493,,21.0137,,Pan-STARRS1,2,,MJD,
57069.4974876306,w,,,0.099455,,21.0847,,Pan-STARRS1,2,,MJD,
57069.4974876306,w,,,0.0988017,,21.1151,,Pan-STARRS1,2,,MJD,
