time,band,bandset,e_fluxdensity,e_magnitude,fluxdensity,magnitude,system,telescope,source,u_fluxdensity,u_time,upperlimit
57101.3494793345,w,,,0.100748,,21.3773,,Pan-STARRS1,2,,MJD,
57101.3621731596,w,,,0.107151,,21.5569,,Pan-STARRS1,2,,MJD,
57101.3748528954,w,,,0.123817,,21.6381,,Pan-STARRS1,2,,MJD,
57101.4222311866,w,,,0.159745,,21.5072,,Pan-STARRS1,2,,MJD,
57102.3836345893,w,,,0.0892678,,21.4395,,Pan-STARRS1,2,,MJD,
57102.3962617368,w,,,0.098907,,21.5569,,Pan-STARRS1,2,,MJD,
57102.4087934032,w,,,0.0991904,,21.4429,,Pan-STARRS1,2,,MJD,
57102.4214413096,w,,,0.107098,,21.5899,,Pan-STARRS1,2,,MJD,
