time,band,bandset,e_fluxdensity,e_magnitude,fluxdensity,magnitude,system,telescope,source,u_fluxdensity,u_time,upperlimit
57110.4523437851,i,,,0.0690042,,20.3456,,Pan-STARRS1,2,,MJD,
57110.4523437851,i,,,0.0686413,,20.3492,,Pan-STARRS1,2,,MJD,
57110.4617454825,i,,,0.0698343,,20.3941,,Pan-STARRS1,2,,MJD,
57110.4617454825,i,,,0.0699907,,20.4197,,Pan-STARRS1,2,,MJD,
57110.4712785698,i,,,0.0778985,,20.4996,,Pan-STARRS1,2,,MJD,
57110.4712785698,i,,,0.0777277,,20.501,,Pan-STARRS1,2,,MJD,
57110.48057896,i,,,0.0798249,,20.4288,,Pan-STARRS1,2,,MJD,
57110.48057896,i,,,0.0807756,,20.4301,,Pan-STARRS1,2,,MJD,
