time,band,bandset,e_fluxdensity,e_magnitude,fluxdensity,magnitude,system,telescope,source,u_fluxdensity,u_time,upperlimit
57303.4835706437,w,,,0.0787264,,20.9879,,Pan-STARRS1,2,,MJD,
57303.4957362841,w,,,0.0554127,,20.9258,,Pan-STARRS1,2,,MJD,
57303.5078583141,w,,,0.0480676,,20.9015,,Pan-STARRS1,2,,MJD,
57303.5199822475,w,,,0.0460135,,20.8726,,Pan-STARRS1,2,,MJD,
57304.4814426574,w,,,0.109757,,20.7492,,Pan-STARRS1,2,,MJD,
57304.4936194019,w,,,0.126397,,20.7838,,Pan-STARRS1,2,,MJD,
57304.5057371581,w,,,0.0521774,,20.7276,,Pan-STARRS1,2,,MJD,
57304.5178218083,w,,,0.0434516,,20.755,,Pan-STARRS1,2,,MJD,
