time,band,bandset,e_fluxdensity,e_magnitude,fluxdensity,magnitude,system,telescope,source,u_fluxdensity,u_time,upperlimit
57128.2531389826,w,,,0.170101,,20.8225,,Pan-STARRS1,2,,MJD,
57128.2650812519,w,,,0.133841,,20.6805,,Pan-STARRS1,2,,MJD,
57128.2770233272,w,,,0.103963,,20.8271,,Pan-STARRS1,2,,MJD,
57128.2888922878,w,,,0.0635575,,20.59,,Pan-STARRS1,2,,MJD,
57130.2550105765,w,,,0.0607549,,20.5192,,Pan-STARRS1,2,,MJD,
57130.2673158883,w,,,0.0617701,,20.6136,,Pan-STARRS1,2,,MJD,
57130.2796486798,w,,,0.0795815,,20.6436,,Pan-STARRS1,2,,MJD,
57130.2919910951,w,,,0.170246,,20.6905,,Pan-STARRS1,2,,MJD,
