time,band,bandset,e_fluxdensity,e_magnitude,fluxdensity,magnitude,system,telescope,source,u_fluxdensity,u_time,upperlimit
57111.242812729,r,,,0.0671814,,19.226,,Pan-STARRS1,2,,MJD,
57111.242812729,r,,,0.0606329,,19.2336,,Pan-STARRS1,2,,MJD,
57111.255412213,r,,,0.0543175,,19.1548,,Pan-STARRS1,2,,MJD,
57111.255412213,r,,,0.0478669,,19.1709,,Pan-STARRS1,2,,MJD,
57111.2679977249,r,,,0.063464,,19.2139,,Pan-STARRS1,2,,MJD,
57111.2679977249,r,,,0.0554773,,19.2316,,Pan-STARRS1,2,,MJD,
57111.2807106566,r,,,0.130518,,19.2393,,Pan-STARRS1,2,,MJD,
57111.2807106566,r,,,0.120815,,19.264,,Pan-STARRS1,2,,MJD,
