time,band,bandset,e_fluxdensity,e_magnitude,fluxdensity,magnitude,system,telescope,source,u_fluxdensity,u_time,upperlimit
57076.6051283117,w,,,0.112456,,20.8853,,Pan-STARRS1,2,,MJD,
57076.6181467883,w,,,0.0817227,,20.8646,,Pan-STARRS1,2,,MJD,
57076.6311649293,w,,,0.0935808,,20.8956,,Pan-STARRS1,2,,MJD,
57076.6442603065,w,,,0.0816026,,20.8426,,Pan-STARRS1,2,,MJD,
57077.5932841924,w,,,0.124425,,20.8959,,Pan-STARRS1,2,,MJD,
57077.6062849034,w,,,0.156906,,20.9526,,Pan-STARRS1,2,,MJD,
57077.6193380783,w,,,0.111739,,20.8245,,Pan-STARRS1,2,,MJD,
57077.6323477132,w,,,0.103567,,20.9718,,Pan-STARRS1,2,,MJD,
