time,band,bandset,e_fluxdensity,e_magnitude,fluxdensity,magnitude,system,telescope,source,u_fluxdensity,u_time,upperlimit
57206.3296775311,i,,,0.0691306,,19.6241,,Pan-STARRS1,2,,MJD,
57206.3309105754,i,,,0.0582889,,19.7027,,Pan-STARRS1,2,,MJD,
57206.3412043445,i,,,0.0770061,,19.6565,,Pan-STARRS1,2,,MJD,
57206.3424678458,i,,,0.0595124,,19.7604,,Pan-STARRS1,2,,MJD,
57206.3527299376,i,,,0.0725435,,19.6948,,Pan-STARRS1,2,,MJD,
57206.3541893452,i,,,0.059823,,19.7312,,Pan-STARRS1,2,,MJD,
57206.3644979447,i,,,0.0866931,,19.6171,,Pan-STARRS1,2,,MJD,
57206.3657332474,i,,,0.0570797,,19.6264,,Pan-STARRS1,2,,MJD,
