time,band,bandset,e_fluxdensity,e_magnitude,fluxdensity,magnitude,system,telescope,source,u_fluxdensity,u_time,upperlimit
57319.2092744703,i,,,0.161475,,20.4685,,Pan-STARRS1,2,,MJD,
57319.2099205786,i,,,0.138612,,20.3492,,Pan-STARRS1,2,,MJD,
57319.2209639624,i,,,0.179101,,20.546,,Pan-STARRS1,2,,MJD,
57319.2313314569,i,,,0.176525,,20.6443,,Pan-STARRS1,2,,MJD,
57319.2319745063,i,,,0.175246,,20.6866,,Pan-STARRS1,2,,MJD,
57319.2423223805,i,,,0.160097,,20.5815,,Pan-STARRS1,2,,MJD,
57319.2429665159,i,,,0.145572,,20.5473,,Pan-STARRS1,2,,MJD,
57320.2203228577,i,,,0.171056,,20.4987,,Pan-STARRS1,2,,MJD,
57320.231330542,i,,,0.179909,,20.4979,,Pan-STARRS1,2,,MJD,
