time,band,bandset,e_fluxdensity,e_magnitude,fluxdensity,magnitude,system,telescope,source,u_fluxdensity,u_time,upperlimit
57297.43889099,r,,,0.0785936,,19.3685,,Pan-STARRS1,2,,MJD,
57297.4492369237,r,,,0.0832333,,19.5057,,Pan-STARRS1,2,,MJD,
57297.4596927125,r,,,0.0835379,,19.4497,,Pan-STARRS1,2,,MJD,
57297.4700076105,r,,,0.0765859,,19.4757,,Pan-STARRS1,2,,MJD,
57298.4202429281,i,,,0.0527068,,19.3963,,Pan-STARRS1,2,,MJD,
57298.4305592333,i,,,0.0445909,,19.3099,,Pan-STARRS1,2,,MJD,
57298.4408606415,i,,,0.0432681,,19.3581,,Pan-STARRS1,2,,MJD,
57298.4511718616,i,,,0.0531447,,19.3812,,Pan-STARRS1,2,,MJD,
