time,band,bandset,e_fluxdensity,e_magnitude,fluxdensity,magnitude,system,telescope,source,u_fluxdensity,u_time,upperlimit
57332.2665316435,w,,,0.106463,,21.2994,,Pan-STARRS1,2,,MJD,
57332.2665316435,w,,,0.112179,,21.3764,,Pan-STARRS1,2,,MJD,
57332.2777426062,w,,,0.108711,,21.2091,,Pan-STARRS1,2,,MJD,
57332.2777426063,w,,,0.104707,,21.1432,,Pan-STARRS1,2,,MJD,
57332.2889416657,w,,,0.178071,,21.2928,,Pan-STARRS1,2,,MJD,
57332.2889416657,w,,,0.175964,,21.3737,,Pan-STARRS1,2,,MJD,
57332.3002082706,w,,,0.187323,,21.2303,,Pan-STARRS1,2,,MJD,
57332.3002082706,w,,,0.189967,,21.3158,,Pan-STARRS1,2,,MJD,
