time,band,bandset,e_fluxdensity,e_magnitude,fluxdensity,magnitude,system,telescope,source,u_fluxdensity,u_time,upperlimit
57303.4319569385,w,,,0.100157,,21.3078,,Pan-STARRS1,2,,MJD,
57303.4437652113,w,,,0.121241,,21.4016,,Pan-STARRS1,2,,MJD,
57303.4555449675,w,,,0.114729,,21.1805,,Pan-STARRS1,2,,MJD,
57303.4672988345,w,,,0.0878925,,21.3788,,Pan-STARRS1,2,,MJD,
57304.4287365465,w,,,0.0983743,,21.3135,,Pan-STARRS1,2,,MJD,
57304.4404856531,w,,,0.0717214,,21.3342,,Pan-STARRS1,2,,MJD,
57304.4522862588,w,,,0.0768346,,21.4092,,Pan-STARRS1,2,,MJD,
57304.4641345809,w,,,0.0738177,,21.3471,,Pan-STARRS1,2,,MJD,
