time,band,bandset,e_fluxdensity,e_magnitude,fluxdensity,magnitude,system,telescope,source,u_fluxdensity,u_time,upperlimit
57111.3829229888,i,,,0.130526,,20.2714,,Pan-STARRS1,2,,MJD,
57111.3829229888,i,,,0.15009,,20.2993,,Pan-STARRS1,2,,MJD,
57111.3948002808,i,,,0.109946,,20.1267,,Pan-STARRS1,2,,MJD,
57111.3948002808,i,,,0.0985531,,20.1308,,Pan-STARRS1,2,,MJD,
57111.4066847059,i,,,0.0929491,,20.1534,,Pan-STARRS1,2,,MJD,
57111.4066847059,i,,,0.0828459,,20.1603,,Pan-STARRS1,2,,MJD,
57111.4185643227,i,,,0.0886325,,20.1666,,Pan-STARRS1,2,,MJD,
57111.4185643227,i,,,0.080958,,20.1683,,Pan-STARRS1,2,,MJD,
57160.3291761879,w,,,0.212105,,21.7202,,Pan-STARRS1,2,,MJD,
