time,band,bandset,e_fluxdensity,e_magnitude,fluxdensity,magnitude,system,telescope,source,u_fluxdensity,u_time,upperlimit
57360.4668542822,r,,,0.0594273,,19.5674,,Pan-STARRS1,2,,MJD,
57360.4700880459,r,,,0.0506057,,19.6481,,Pan-STARRS1,2,,MJD,
57360.4791378598,r,,,0.0467442,,19.5647,,Pan-STARRS1,2,,MJD,
57360.4823502004,r,,,0.0590361,,19.6831,,Pan-STARRS1,2,,MJD,
57360.4913793519,r,,,0.0538577,,19.5897,,Pan-STARRS1,2,,MJD,
57360.4946018084,r,,,0.063521,,19.713,,Pan-STARRS1,2,,MJD,
57360.5036615232,r,,,0.056199,,19.6319,,Pan-STARRS1,2,,MJD,
57360.5068747631,r,,,0.0535859,,19.6732,,Pan-STARRS1,2,,MJD,
57380.4655208006,i,,,0.156929,,20.1092,,Pan-STARRS1,2,,MJD,
