time,band,bandset,e_fluxdensity,e_magnitude,fluxdensity,magnitude,system,telescope,source,u_fluxdensity,u_time,upperlimit
57168.4523455304,i,,,0.0522975,,19.9163,,Pan-STARRS1,2,,MJD,
57168.4654779037,i,,,0.0564456,,19.8223,,Pan-STARRS1,2,,MJD,
57168.4786303468,i,,,0.0643408,,19.9767,,Pan-STARRS1,2,,MJD,
57168.4918481208,i,,,0.0574961,,19.9029,,Pan-STARRS1,2,,MJD,
57171.3107743386,i,,,0.0837012,,19.8831,,Pan-STARRS1,2,,MJD,
57171.3233769369,i,,,0.0711258,,19.7723,,Pan-STARRS1,2,,MJD,
57171.3359255517,i,,,0.0671918,,19.823,,Pan-STARRS1,2,,MJD,
57171.3485146868,i,,,0.0811885,,19.8718,,Pan-STARRS1,2,,MJD,
