time,band,bandset,e_fluxdensity,e_magnitude,fluxdensity,magnitude,system,telescope,source,u_fluxdensity,u_time,upperlimit
57112.4156226093,i,,,0.0794945,,19.5484,,Pan-STARRS1,2,,MJD,
57112.426174417,i,,,0.0900521,,19.591,,Pan-STARRS1,2,,MJD,
57112.4367452073,i,,,0.0787805,,19.5625,,Pan-STARRS1,2,,MJD,
57112.4473048969,i,,,0.0845159,,19.5287,,Pan-STARRS1,2,,MJD,
57113.4282165146,i,,,0.152588,,19.6571,,Pan-STARRS1,2,,MJD,
57113.4390291702,i,,,0.115309,,19.5801,,Pan-STARRS1,2,,MJD,
57113.4498499747,i,,,0.116481,,19.5369,,Pan-STARRS1,2,,MJD,
57113.4606374018,i,,,0.114622,,19.5298,,Pan-STARRS1,2,,MJD,
