time,band,bandset,e_fluxdensity,e_magnitude,fluxdensity,magnitude,system,telescope,source,u_fluxdensity,u_time,upperlimit
57202.3841996342,i,,,0.088812,,20.2668,,Pan-STARRS1,2,,MJD,
57202.3964393791,i,,,0.195996,,20.2453,,Pan-STARRS1,2,,MJD,
57202.4087020085,i,,,0.121739,,20.2639,,Pan-STARRS1,2,,MJD,
57202.4209663674,i,,,0.0933027,,20.2021,,Pan-STARRS1,2,,MJD,
57203.38649174,i,,,0.117249,,20.2661,,Pan-STARRS1,2,,MJD,
57203.3987575109,i,,,0.105032,,20.3177,,Pan-STARRS1,2,,MJD,
57203.4110284117,i,,,0.148119,,20.5208,,Pan-STARRS1,2,,MJD,
57203.4233334343,i,,,0.136046,,20.378,,Pan-STARRS1,2,,MJD,
