time,band,bandset,e_fluxdensity,e_magnitude,fluxdensity,magnitude,system,telescope,source,u_fluxdensity,u_time,upperlimit
57357.4113887934,r,,,0.12329,,20.8207,,Pan-STARRS1,2,,MJD,
57357.4228094959,r,,,0.118207,,20.7809,,Pan-STARRS1,2,,MJD,
57357.4339526553,r,,,0.151023,,20.8449,,Pan-STARRS1,2,,MJD,
57359.3116473141,w,,,0.123265,,20.9486,,Pan-STARRS1,2,,MJD,
57359.3226360232,w,,,0.142085,,21.0334,,Pan-STARRS1,2,,MJD,
57359.3336313172,w,,,0.129811,,21.1165,,Pan-STARRS1,2,,MJD,
57359.3446789844,w,,,0.117609,,21.0735,,Pan-STARRS1,2,,MJD,
57369.3421417,w,,,0.223897,,21.387,,Pan-STARRS1,2,,MJD,
57369.3535007312,w,,,0.225221,,21.3416,,Pan-STARRS1,2,,MJD,
