time,band,bandset,e_fluxdensity,e_magnitude,fluxdensity,magnitude,system,telescope,source,u_fluxdensity,u_time,upperlimit
57101.3448601393,w,,,0.0321375,,20.3835,,Pan-STARRS1,2,,MJD,
57101.3575601951,w,,,0.0331908,,20.4524,,Pan-STARRS1,2,,MJD,
57101.3702473967,w,,,0.0327886,,20.493,,Pan-STARRS1,2,,MJD,
57101.3829416791,w,,,0.0319622,,20.4646,,Pan-STARRS1,2,,MJD,
57102.3790247686,w,,,0.0345721,,20.5525,,Pan-STARRS1,2,,MJD,
57102.3916459951,w,,,0.0420612,,20.5966,,Pan-STARRS1,2,,MJD,
57102.4042100127,w,,,0.0387057,,20.6056,,Pan-STARRS1,2,,MJD,
57102.4167209868,w,,,0.0372697,,20.56,,Pan-STARRS1,2,,MJD,
57126.3038443052,w,,,0.195782,,20.9309,,Pan-STARRS1,2,,MJD,
