time,band,bandset,e_fluxdensity,e_magnitude,fluxdensity,magnitude,system,telescope,source,u_fluxdensity,u_time,upperlimit
57265.414394646,i,,,0.0407711,,18.8163,,Pan-STARRS1,2,,MJD,
57265.4261715119,i,,,0.0651533,,18.8889,,Pan-STARRS1,2,,MJD,
57265.4379954372,i,,,0.0538723,,18.7185,,Pan-STARRS1,2,,MJD,
57270.4085171967,r,,,0.0829129,,18.9573,,Pan-STARRS1,2,,MJD,
57270.4361472819,r,,,0.0714362,,18.9398,,Pan-STARRS1,2,,MJD,
57270.4486892307,r,,,0.0562913,,18.8226,,Pan-STARRS1,2,,MJD,
57270.4612227963,r,,,0.0800378,,18.8558,,Pan-STARRS1,2,,MJD,
