time,band,bandset,e_fluxdensity,e_magnitude,fluxdensity,magnitude,system,telescope,source,u_fluxdensity,u_time,upperlimit
57109.4377176655,r,,,0.0353228,,18.3887,,Pan-STARRS1,2,,MJD,
57109.4495787731,r,,,0.028034,,18.351,,Pan-STARRS1,2,,MJD,
57109.4646858079,r,,,0.0199044,,18.3737,,Pan-STARRS1,2,,MJD,
57109.4770177886,r,,,0.0256643,,18.4029,,Pan-STARRS1,2,,MJD,
57148.4621166264,i,,,0.126943,,20.1528,,Pan-STARRS1,2,,MJD,
57148.4744057596,i,,,0.156399,,20.1836,,Pan-STARRS1,2,,MJD,
57148.4867481665,i,,,0.163186,,20.1693,,Pan-STARRS1,2,,MJD,
57148.4990407591,i,,,0.14855,,20.2468,,Pan-STARRS1,2,,MJD,
