time,band,bandset,e_fluxdensity,e_magnitude,fluxdensity,magnitude,system,telescope,source,u_fluxdensity,u_time,upperlimit
57171.2751911124,i,,,0.0527467,,19.566,,Pan-STARRS1,2,,MJD,
57171.2860828171,i,,,0.0522594,,19.6017,,Pan-STARRS1,2,,MJD,
57171.2970424057,i,,,0.0505441,,19.5306,,Pan-STARRS1,2,,MJD,
57171.3079513047,i,,,0.0480607,,19.6196,,Pan-STARRS1,2,,MJD,
57172.2867627591,i,,,0.0387118,,19.5338,,Pan-STARRS1,2,,MJD,
57172.29773384,i,,,0.0415763,,19.5169,,Pan-STARRS1,2,,MJD,
57172.308714938,i,,,0.041291,,19.5506,,Pan-STARRS1,2,,MJD,
57172.3197034149,i,,,0.0463729,,19.6331,,Pan-STARRS1,2,,MJD,
57172.32744458,i,,,0.0569137,,19.5507,,Pan-STARRS1,2,,MJD,
