time,band,bandset,e_fluxdensity,e_magnitude,fluxdensity,magnitude,system,telescope,source,u_fluxdensity,u_time,upperlimit
57076.2941380813,r,,,0.0421221,,19.7117,,Pan-STARRS1,2,,MJD,
57076.3087112689,r,,,0.0421073,,19.7142,,Pan-STARRS1,2,,MJD,
57076.3233312564,r,,,0.046598,,19.7517,,Pan-STARRS1,2,,MJD,
57076.3385025737,r,,,0.0391824,,19.733,,Pan-STARRS1,2,,MJD,
57105.2444501142,i,,,0.093575,,20.2827,,Pan-STARRS1,2,,MJD,
57105.2578381383,i,,,0.114949,,20.3687,,Pan-STARRS1,2,,MJD,
57105.2712759861,i,,,0.123463,,20.4267,,Pan-STARRS1,2,,MJD,
57105.2847284432,i,,,0.145558,,20.422,,Pan-STARRS1,2,,MJD,
