time,band,bandset,e_fluxdensity,e_magnitude,fluxdensity,magnitude,system,telescope,source,u_fluxdensity,u_time,upperlimit
57233.379849224,i,,,0.0375661,,19.1524,,Pan-STARRS1,2,,MJD,
57233.3910599352,i,,,0.0848397,,19.2204,,Pan-STARRS1,2,,MJD,
57233.4022547168,i,,,0.035289,,19.1099,,Pan-STARRS1,2,,MJD,
57233.4134526004,i,,,0.0435623,,19.1324,,Pan-STARRS1,2,,MJD,
57234.3634766695,i,,,0.0665296,,19.1189,,Pan-STARRS1,2,,MJD,
57234.3748875045,i,,,0.062088,,19.0656,,Pan-STARRS1,2,,MJD,
57234.3863715274,i,,,0.053205,,19.1072,,Pan-STARRS1,2,,MJD,
57234.3977089623,i,,,0.0446984,,19.1177,,Pan-STARRS1,2,,MJD,
