time,band,bandset,e_fluxdensity,e_magnitude,fluxdensity,magnitude,system,telescope,source,u_fluxdensity,u_time,upperlimit
57095.3708840399,w,,,0.091541,,20.2242,,Pan-STARRS1,"2,3,5",,MJD,
57095.3830319559,w,,,0.115968,,20.2074,,Pan-STARRS1,"2,3,5",,MJD,
57095.3951188661,w,,,0.0936444,,20.256,,Pan-STARRS1,"2,3,5",,MJD,
57095.4072628808,w,,,0.10588,,20.2575,,Pan-STARRS1,"2,3,5",,MJD,
57096.3845609385,w,,,0.0987153,,20.2938,,Pan-STARRS1,"2,3,5",,MJD,
57096.3955739848,w,,,0.0812461,,20.3216,,Pan-STARRS1,"2,3,5",,MJD,
57096.3968877223,w,,,0.0743213,,20.2376,,Pan-STARRS1,"2,3,5",,MJD,
57096.4092139401,w,,,0.0919296,,20.2724,,Pan-STARRS1,"2,3,5",,MJD,
57096.4215018545,w,,,0.114988,,20.2661,,Pan-STARRS1,"2,3,5",,MJD,
