time,band,bandset,e_fluxdensity,e_magnitude,fluxdensity,magnitude,system,telescope,source,u_fluxdensity,u_time,upperlimit
57370.3247601935,w,,,0.109436,,21.0775,,Pan-STARRS1,2,,MJD,
57370.3381643137,w,,,0.159829,,20.9792,,Pan-STARRS1,2,,MJD,
57370.351529832,w,,,0.0979442,,21.0921,,Pan-STARRS1,2,,MJD,
57370.3648450038,w,,,0.064391,,21.0058,,Pan-STARRS1,2,,MJD,
57387.2686851681,w,,,0.14452,,21.797,,Pan-STARRS1,2,,MJD,
57387.2799012772,w,,,0.135436,,21.9231,,Pan-STARRS1,2,,MJD,
57387.2910641622,w,,,0.117172,,21.776,,Pan-STARRS1,2,,MJD,
57387.3023013649,w,,,0.152141,,21.8632,,Pan-STARRS1,2,,MJD,
