time,band,bandset,e_fluxdensity,e_magnitude,fluxdensity,magnitude,system,telescope,source,u_fluxdensity,u_time,upperlimit
57176.2886853114,r,,,0.100284,,19.8913,,Pan-STARRS1,2,,MJD,
57176.3024114895,r,,,0.0795178,,19.8261,,Pan-STARRS1,2,,MJD,
57176.3161925118,r,,,0.0886601,,19.8054,,Pan-STARRS1,2,,MJD,
57176.3300529931,r,,,0.0870613,,19.9728,,Pan-STARRS1,2,,MJD,
58118.550063891,i,,,0.24626,,21.2796,,Pan-STARRS1,2,,MJD,
58118.5754565312,i,,,0.230946,,21.2382,,Pan-STARRS1,2,,MJD,
58184.3706095577,w,,,0.154472,,21.8235,,Pan-STARRS1,2,,MJD,
58523.4643933172,w,,,0.296195,,21.8754,,Pan-STARRS1,2,,MJD,
58523.4883116683,w,,,0.249094,,21.848,,Pan-STARRS1,2,,MJD,
