time,band,bandset,e_fluxdensity,e_magnitude,fluxdensity,magnitude,system,telescope,source,u_fluxdensity,u_time,upperlimit
57203.4877998509,i,,,0.124906,,20.2628,,Pan-STARRS1,2,,MJD,
57203.5005841218,i,,,0.113486,,20.2717,,Pan-STARRS1,2,,MJD,
57203.5133986026,i,,,0.123084,,20.1655,,Pan-STARRS1,2,,MJD,
57203.5262101433,i,,,0.147996,,20.3054,,Pan-STARRS1,2,,MJD,
57205.4911821573,i,,,0.156913,,20.3816,,Pan-STARRS1,2,,MJD,
57205.5039583072,i,,,0.123296,,20.1918,,Pan-STARRS1,2,,MJD,
57205.5166713965,i,,,0.13779,,20.164,,Pan-STARRS1,2,,MJD,
57205.529352568,i,,,0.136754,,20.2092,,Pan-STARRS1,2,,MJD,
