time,band,bandset,e_fluxdensity,e_magnitude,fluxdensity,magnitude,system,telescope,source,u_fluxdensity,u_time,upperlimit
57373.4992360505,w,,,0.0846283,,19.7521,,Pan-STARRS1,2,,MJD,
57373.5200609994,w,,,0.0846772,,19.7881,,Pan-STARRS1,2,,MJD,
57373.5325091468,w,,,0.0935646,,19.8029,,Pan-STARRS1,2,,MJD,
57373.5443721274,w,,,0.0954549,,19.814,,Pan-STARRS1,2,,MJD,
57373.5562889557,w,,,0.105831,,19.8015,,Pan-STARRS1,2,,MJD,
57402.5665163896,w,,,0.19474,,20.9547,,Pan-STARRS1,2,,MJD,
57404.4310096856,r,,,0.128616,,20.918,,Pan-STARRS1,2,,MJD,
57404.4431549808,r,,,0.129096,,21.0556,,Pan-STARRS1,2,,MJD,
