time,band,bandset,e_fluxdensity,e_magnitude,fluxdensity,magnitude,system,telescope,source,u_fluxdensity,u_time,upperlimit
57245.5,,,,,,20.1,,,"4,5",,MJD,
57246.5998622757,w,,,0.0600261,,20.0836,,Pan-STARRS1,"2,4",,MJD,
57246.6063328445,w,,,0.0631676,,20.1009,,Pan-STARRS1,"2,4",,MJD,
57246.6127963713,w,,,0.046365,,20.0901,,Pan-STARRS1,"2,4",,MJD,
57246.6192735834,w,,,0.0414263,,20.0659,,Pan-STARRS1,"2,4",,MJD,
57277.5325125135,w,,,0.0857837,,20.6574,,Pan-STARRS1,"2,4",,MJD,
57277.5429314662,w,,,0.0640408,,20.5945,,Pan-STARRS1,"2,4",,MJD,
57277.5533843121,w,,,0.0551865,,20.6792,,Pan-STARRS1,"2,4",,MJD,
57277.5641362029,w,,,0.0619167,,20.6837,,Pan-STARRS1,"2,4",,MJD,
