time,band,bandset,e_fluxdensity,e_magnitude,fluxdensity,magnitude,system,telescope,source,u_fluxdensity,u_time,upperlimit
57144.2631227458,i,,,0.124524,,19.0052,,Pan-STARRS1,2,,MJD,
57144.2740761043,i,,,0.170887,,19.118,,Pan-STARRS1,2,,MJD,
57144.2850283108,i,,,0.148791,,19.0164,,Pan-STARRS1,2,,MJD,
57144.2959982055,i,,,0.140171,,19.0297,,Pan-STARRS1,2,,MJD,
57145.2610823712,i,,,0.0733702,,19.1118,,Pan-STARRS1,2,,MJD,
57145.2719652048,i,,,0.0703437,,19.0501,,Pan-STARRS1,2,,MJD,
57145.2828080971,i,,,0.0756866,,19.1109,,Pan-STARRS1,2,,MJD,
57145.2937110685,i,,,0.0655183,,19.0651,,Pan-STARRS1,2,,MJD,
