time,band,bandset,e_fluxdensity,e_magnitude,fluxdensity,magnitude,system,telescope,source,u_fluxdensity,u_time,upperlimit
57303.4774003867,w,,,0.145882,,21.5507,,Pan-STARRS1,2,,MJD,
57303.4895321036,w,,,0.115537,,21.4608,,Pan-STARRS1,2,,MJD,
57303.5017007795,w,,,0.0983996,,21.3904,,Pan-STARRS1,2,,MJD,
57303.5138147947,w,,,0.0919106,,21.5509,,Pan-STARRS1,2,,MJD,
57304.4745935303,w,,,0.166386,,21.5531,,Pan-STARRS1,2,,MJD,
57304.4867740656,w,,,0.198371,,21.4884,,Pan-STARRS1,2,,MJD,
57304.4989018793,w,,,0.135121,,21.4135,,Pan-STARRS1,2,,MJD,
57304.5110242417,w,,,0.129784,,21.5423,,Pan-STARRS1,2,,MJD,
