time,band,bandset,e_fluxdensity,e_magnitude,fluxdensity,magnitude,system,telescope,source,u_fluxdensity,u_time,upperlimit
57319.5,,,,,,20.3,,,"2,3",,MJD,
57320.5050681038,i,,,0.100535,,20.3198,,Pan-STARRS1,2,,MJD,
57320.5050681038,i,,,0.101953,,20.3544,,Pan-STARRS1,2,,MJD,
57320.5189391305,i,,,0.0772053,,20.2899,,Pan-STARRS1,2,,MJD,
57320.5189391305,i,,,0.0770298,,20.3334,,Pan-STARRS1,2,,MJD,
57320.5328322094,i,,,0.113801,,20.3389,,Pan-STARRS1,2,,MJD,
57320.5328322094,i,,,0.113728,,20.3645,,Pan-STARRS1,2,,MJD,
57320.5467375168,i,,,0.0797447,,20.2524,,Pan-STARRS1,2,,MJD,
57320.5467375168,i,,,0.0809742,,20.2916,,Pan-STARRS1,2,,MJD,
