time,band,bandset,e_fluxdensity,e_magnitude,fluxdensity,magnitude,system,telescope,source,u_fluxdensity,u_time,upperlimit
57193.3136064118,w,,,0.0794818,,21.4121,,Pan-STARRS1,2,,MJD,
57193.3136064118,w,,,0.0826123,,21.4263,,Pan-STARRS1,2,,MJD,
57193.3262341468,w,,,0.068918,,21.3881,,Pan-STARRS1,2,,MJD,
57193.3262341468,w,,,0.0709191,,21.4032,,Pan-STARRS1,2,,MJD,
57193.3389115912,w,,,0.0644397,,21.3072,,Pan-STARRS1,2,,MJD,
57193.3389115912,w,,,0.064967,,21.3458,,Pan-STARRS1,2,,MJD,
57193.3516072231,w,,,0.0752015,,21.3173,,Pan-STARRS1,2,,MJD,
57193.3516072231,w,,,0.0775733,,21.3443,,Pan-STARRS1,2,,MJD,
