time,band,bandset,e_fluxdensity,e_magnitude,fluxdensity,magnitude,system,telescope,source,u_fluxdensity,u_time,upperlimit
57387.4390443725,r,,,0.0721434,,20.463,,Pan-STARRS1,2,,MJD,
57387.4494813727,r,,,0.0660503,,20.4079,,Pan-STARRS1,2,,MJD,
57387.4598689247,r,,,0.0634559,,20.3435,,Pan-STARRS1,2,,MJD,
57387.4707762529,r,,,0.061033,,20.1739,,Pan-STARRS1,2,,MJD,
57388.3981755022,r,,,0.0992041,,20.56,,Pan-STARRS1,2,,MJD,
57388.4090390928,r,,,0.0722977,,20.3822,,Pan-STARRS1,2,,MJD,
57388.4194716738,r,,,0.0729829,,20.376,,Pan-STARRS1,2,,MJD,
57388.4301754274,r,,,0.086982,,20.2957,,Pan-STARRS1,2,,MJD,
