time,band,bandset,e_fluxdensity,e_magnitude,fluxdensity,magnitude,system,telescope,source,u_fluxdensity,u_time,upperlimit
57451.2472027604,w,,,0.0771789,,21.3505,,Pan-STARRS1,2,,MJD,
57451.2595315753,w,,,0.0875669,,21.3428,,Pan-STARRS1,2,,MJD,
57451.2719177665,w,,,0.0773683,,21.3631,,Pan-STARRS1,2,,MJD,
57451.2843228119,w,,,0.0814211,,21.6234,,Pan-STARRS1,2,,MJD,
57460.2442586035,w,,,0.119308,,21.1987,,Pan-STARRS1,2,,MJD,
57460.2557953499,w,,,0.103086,,21.3282,,Pan-STARRS1,2,,MJD,
57460.26736052,w,,,0.184786,,21.4407,,Pan-STARRS1,2,,MJD,
57460.2790035401,w,,,0.119508,,21.3274,,Pan-STARRS1,2,,MJD,
