time,band,bandset,e_fluxdensity,e_magnitude,fluxdensity,magnitude,system,telescope,source,u_fluxdensity,u_time,upperlimit
57386.5,,,,,,20.5,,,"2,3",,MJD,
57387.5207832559,r,,,0.0954811,,20.4502,,Pan-STARRS1,2,,MJD,
57387.5321742861,r,,,0.0983948,,20.5742,,Pan-STARRS1,2,,MJD,
57387.5434717154,r,,,0.0891657,,20.5649,,Pan-STARRS1,2,,MJD,
57387.554723598,r,,,0.0962954,,20.5225,,Pan-STARRS1,2,,MJD,
57388.4902931227,r,,,0.112013,,20.6137,,Pan-STARRS1,2,,MJD,
57388.5019168531,r,,,0.109065,,20.5279,,Pan-STARRS1,2,,MJD,
57388.5138970865,r,,,0.100152,,20.4257,,Pan-STARRS1,2,,MJD,
57388.5259007322,r,,,0.0939462,,20.54,,Pan-STARRS1,2,,MJD,
