time,band,bandset,e_fluxdensity,e_magnitude,fluxdensity,magnitude,system,telescope,source,u_fluxdensity,u_time,upperlimit
57562.2806737119,i,,,0.107592,,19.4944,,Pan-STARRS1,2,,MJD,
57562.2806737119,i,,,0.106121,,19.5006,,Pan-STARRS1,2,,MJD,
57562.2916683876,i,,,0.117279,,19.3798,,Pan-STARRS1,2,,MJD,
57562.2916683876,i,,,0.115778,,19.4009,,Pan-STARRS1,2,,MJD,
57562.3026792543,i,,,0.118873,,19.5162,,Pan-STARRS1,2,,MJD,
57562.3026792543,i,,,0.12375,,19.518,,Pan-STARRS1,2,,MJD,
57562.3136724666,i,,,0.0617547,,19.4291,,Pan-STARRS1,2,,MJD,
57562.3136724666,i,,,0.0605137,,19.4489,,Pan-STARRS1,2,,MJD,
57787.6354242307,w,,,0.189074,,21.9426,,Pan-STARRS1,2,,MJD,
