time,band,bandset,e_fluxdensity,e_magnitude,fluxdensity,magnitude,system,telescope,source,u_fluxdensity,u_time,upperlimit
57804.5,,,,,,19.5,,,"2,5",,MJD,
57805.5244123064,w,,,0.0425039,,19.4692,,Pan-STARRS1,3,,MJD,
57805.5361089418,w,,,0.0455266,,19.4618,,Pan-STARRS1,3,,MJD,
57805.5477892207,w,,,0.0478527,,19.4855,,Pan-STARRS1,3,,MJD,
57805.5594629893,w,,,0.0610488,,19.522,,Pan-STARRS1,3,,MJD,
57839.4508472067,w,,,0.209587,,21.0245,,Pan-STARRS1,3,,MJD,
57839.4632618787,w,,,0.223846,,21.0802,,Pan-STARRS1,3,,MJD,
57839.4756932129,w,,,0.20794,,20.9662,,Pan-STARRS1,3,,MJD,
57839.4880958624,w,,,0.101924,,20.9738,,Pan-STARRS1,3,,MJD,
