time,band,bandset,e_fluxdensity,e_magnitude,fluxdensity,magnitude,system,telescope,source,u_fluxdensity,u_time,upperlimit
58662.3071845835,w,,,0.0457406,,20.0448,,Pan-STARRS1,1,,MJD,
58662.3071845835,w,,,0.0417465,,20.0589,,Pan-STARRS1,1,,MJD,
58662.3179631402,w,,,0.0503631,,20.0817,,Pan-STARRS1,1,,MJD,
58662.3179631402,w,,,0.0441266,,20.0818,,Pan-STARRS1,1,,MJD,
58662.3287170109,w,,,0.0519836,,20.0376,,Pan-STARRS1,1,,MJD,
58662.3287170109,w,,,0.0468713,,20.0672,,Pan-STARRS1,1,,MJD,
58662.3394348977,w,,,0.0439892,,20.0333,,Pan-STARRS1,1,,MJD,
58662.3394348977,w,,,0.0406612,,20.0391,,Pan-STARRS1,1,,MJD,
