time,band,bandset,e_fluxdensity,e_magnitude,fluxdensity,magnitude,system,telescope,source,u_fluxdensity,u_time,upperlimit
58673.5,,,,,,21.2,,,"1,2",,MJD,
58674.5670819627,w,,,0.10006,,21.1886,,Pan-STARRS1,1,,MJD,
58674.5670819627,w,,,0.0877804,,21.2396,,Pan-STARRS1,1,,MJD,
58674.5778544447,w,,,0.0935502,,21.2003,,Pan-STARRS1,1,,MJD,
58674.5778544447,w,,,0.0830972,,21.2958,,Pan-STARRS1,1,,MJD,
58674.5886337948,w,,,0.0905807,,21.2145,,Pan-STARRS1,1,,MJD,
58674.5886337948,w,,,0.0791927,,21.2689,,Pan-STARRS1,1,,MJD,
58674.5994165861,w,,,0.0695383,,21.2081,,Pan-STARRS1,1,,MJD,
58674.5994165861,w,,,0.0645147,,21.266,,Pan-STARRS1,1,,MJD,
