time,band,bandset,e_fluxdensity,e_magnitude,fluxdensity,magnitude,system,telescope,source,u_fluxdensity,u_time,upperlimit
58665.3915114164,w,,,0.119453,,21.7801,,Pan-STARRS1,1,,MJD,
58665.3915114164,w,,,0.118946,,21.8071,,Pan-STARRS1,1,,MJD,
58665.4043981246,w,,,0.128518,,21.7282,,Pan-STARRS1,1,,MJD,
58665.4043981246,w,,,0.134744,,21.7349,,Pan-STARRS1,1,,MJD,
58665.4173350101,w,,,0.135393,,21.8743,,Pan-STARRS1,1,,MJD,
58665.4302817128,w,,,0.123902,,21.647,,Pan-STARRS1,1,,MJD,
58669.3699105848,w,,,0.215,,21.9445,,Pan-STARRS1,1,,MJD,
58669.3699105848,w,,,0.256267,,21.9939,,Pan-STARRS1,1,,MJD,
58669.3954375358,w,,,0.320002,,22.4901,,Pan-STARRS1,1,,MJD,
