time,band,bandset,e_fluxdensity,e_magnitude,fluxdensity,magnitude,system,telescope,source,u_fluxdensity,u_time,upperlimit
58582.5311104311,w,,,0.0437612,,19.9832,,Pan-STARRS1,1,,MJD,
58582.5429223758,w,,,0.0633776,,20.0233,,Pan-STARRS1,1,,MJD,
58582.5547465194,w,,,0.0614945,,20.0545,,Pan-STARRS1,1,,MJD,
58582.566589011,w,,,0.0597459,,20.0082,,Pan-STARRS1,1,,MJD,
58609.3451897303,w,,,0.153612,,21.1982,,Pan-STARRS1,1,,MJD,
58609.357271188,w,,,0.278093,,21.3389,,Pan-STARRS1,1,,MJD,
58609.3693483438,w,,,0.197029,,21.2062,,Pan-STARRS1,1,,MJD,
58609.3814846369,w,,,0.317297,,21.4029,,Pan-STARRS1,1,,MJD,
58628.3260886868,w,,,0.155031,,21.9794,,Pan-STARRS1,1,,MJD,
