time,band,bandset,e_fluxdensity,e_magnitude,fluxdensity,magnitude,system,telescope,source,u_fluxdensity,u_time,upperlimit
58676.5,,,,,,20.9,,,"1,2",,MJD,
58677.5697646513,w,,,0.217643,,21.0503,,Pan-STARRS1,1,,MJD,
58677.5697646513,w,,,0.213915,,21.0581,,Pan-STARRS1,1,,MJD,
58677.5817173664,w,,,0.1632,,21.0385,,Pan-STARRS1,1,,MJD,
58677.5817173664,w,,,0.161379,,21.0408,,Pan-STARRS1,1,,MJD,
58677.5936395448,w,,,0.170142,,21.0384,,Pan-STARRS1,1,,MJD,
58677.5936395448,w,,,0.178661,,21.0644,,Pan-STARRS1,1,,MJD,
58677.6055724315,w,,,0.101831,,20.9337,,Pan-STARRS1,1,,MJD,
58677.6055724315,w,,,0.109795,,20.9383,,Pan-STARRS1,1,,MJD,
