time,band,bandset,e_fluxdensity,e_magnitude,fluxdensity,magnitude,system,telescope,source,u_fluxdensity,u_time,upperlimit
58678.4393629781,i,,,0.275782,,19.7692,,Pan-STARRS1,1,,MJD,
58678.4393629781,i,,,0.263361,,19.7778,,Pan-STARRS1,1,,MJD,
58678.4506671657,i,,,0.227786,,19.8154,,Pan-STARRS1,1,,MJD,
58678.4506671657,i,,,0.242223,,19.853,,Pan-STARRS1,1,,MJD,
58678.4619295536,i,,,0.188049,,19.7667,,Pan-STARRS1,1,,MJD,
58678.4619295536,i,,,0.211255,,19.7875,,Pan-STARRS1,1,,MJD,
58678.4731837552,i,,,0.130313,,19.6716,,Pan-STARRS1,1,,MJD,
58678.4731837552,i,,,0.141826,,19.7386,,Pan-STARRS1,1,,MJD,
