time,band,bandset,e_fluxdensity,e_magnitude,fluxdensity,magnitude,system,telescope,source,u_fluxdensity,u_time,upperlimit
58665.4452897091,w,,,0.0934104,,21.6239,,Pan-STARRS1,1,,MJD,
58665.4658486783,w,,,0.248522,,21.5333,,Pan-STARRS1,1,,MJD,
58665.4794350296,w,,,0.148341,,21.6436,,Pan-STARRS1,1,,MJD,
58665.4929548646,w,,,0.202311,,21.705,,Pan-STARRS1,1,,MJD,
58671.3593939845,w,,,0.119333,,21.6378,,Pan-STARRS1,1,,MJD,
58671.3709886622,w,,,0.24931,,21.6281,,Pan-STARRS1,1,,MJD,
58671.3826819239,w,,,0.136673,,21.7923,,Pan-STARRS1,1,,MJD,
58671.394471528,w,,,0.214871,,21.7419,,Pan-STARRS1,1,,MJD,
