time,band,bandset,e_fluxdensity,e_magnitude,fluxdensity,magnitude,system,telescope,source,u_fluxdensity,u_time,upperlimit
58668.5,,,,,,21.2,,,"1,2",,MJD,
58669.5629565302,w,,,0.0537745,,21.3712,,Pan-STARRS1,1,,MJD,
58669.5629565302,w,,,0.0627674,,21.409,,Pan-STARRS1,1,,MJD,
58669.5746577283,w,,,0.0543986,,21.4372,,Pan-STARRS1,1,,MJD,
58669.5746577283,w,,,0.0632439,,21.4685,,Pan-STARRS1,1,,MJD,
58669.5863603655,w,,,0.076516,,21.2797,,Pan-STARRS1,1,,MJD,
58669.5863603655,w,,,0.0863414,,21.3491,,Pan-STARRS1,1,,MJD,
58669.5980944842,w,,,0.0755295,,21.2513,,Pan-STARRS1,1,,MJD,
58669.5980944842,w,,,0.084649,,21.3269,,Pan-STARRS1,1,,MJD,
