time,band,bandset,e_fluxdensity,e_magnitude,fluxdensity,magnitude,system,telescope,source,u_fluxdensity,u_time,upperlimit
58598.2980797719,w,,,0.0497255,,20.3543,,Pan-STARRS1,1,,MJD,
58598.3110453767,w,,,0.0724567,,20.3753,,Pan-STARRS1,1,,MJD,
58598.3239506719,w,,,0.0691356,,20.3737,,Pan-STARRS1,1,,MJD,
58598.3368751449,w,,,0.0843153,,20.3859,,Pan-STARRS1,1,,MJD,
58611.25596315,w,,,0.0501744,,20.7778,,Pan-STARRS1,1,,MJD,
58611.2675493713,w,,,0.0730469,,20.9374,,Pan-STARRS1,1,,MJD,
58611.2791726733,w,,,0.0847491,,20.8677,,Pan-STARRS1,1,,MJD,
58611.290804292,w,,,0.0694345,,20.8584,,Pan-STARRS1,1,,MJD,
