time,band,bandset,e_fluxdensity,e_magnitude,fluxdensity,magnitude,system,telescope,source,u_fluxdensity,u_time,upperlimit
58668.2716992236,w,,,0.0845986,,20.7408,,Pan-STARRS1,1,,MJD,
58668.2716992236,w,,,0.0795068,,20.7445,,Pan-STARRS1,1,,MJD,
58668.2822355699,w,,,0.0487939,,20.7594,,Pan-STARRS1,1,,MJD,
58668.2822355699,w,,,0.0466802,,20.7755,,Pan-STARRS1,1,,MJD,
58668.2928021951,w,,,0.0741178,,20.7045,,Pan-STARRS1,1,,MJD,
58668.2928021951,w,,,0.0742538,,20.7194,,Pan-STARRS1,1,,MJD,
58668.3033708846,w,,,0.0632208,,20.7864,,Pan-STARRS1,1,,MJD,
58668.3033708846,w,,,0.0660218,,20.7882,,Pan-STARRS1,1,,MJD,
