time,band,bandset,e_fluxdensity,e_magnitude,fluxdensity,magnitude,system,telescope,source,u_fluxdensity,u_time,upperlimit
58664.4672588404,w,,,0.0332823,,20.5532,,Pan-STARRS1,1,,MJD,
58664.4672588404,w,,,0.0346136,,20.5749,,Pan-STARRS1,1,,MJD,
58664.4795857969,w,,,0.0343752,,20.5345,,Pan-STARRS1,1,,MJD,
58664.4795857969,w,,,0.0350249,,20.5482,,Pan-STARRS1,1,,MJD,
58664.4919409118,w,,,0.0379464,,20.5209,,Pan-STARRS1,1,,MJD,
58664.4919409118,w,,,0.0376922,,20.5381,,Pan-STARRS1,1,,MJD,
58664.5043236409,w,,,0.0500214,,20.5419,,Pan-STARRS1,1,,MJD,
58664.5043236409,w,,,0.0504188,,20.5426,,Pan-STARRS1,1,,MJD,
