time,band,bandset,e_fluxdensity,e_magnitude,fluxdensity,magnitude,system,telescope,source,u_fluxdensity,u_time,upperlimit
58667.3224899724,w,,,0.180132,,21.8783,,Pan-STARRS1,1,,MJD,
58667.3224899724,w,,,0.185947,,21.8785,,Pan-STARRS1,1,,MJD,
58667.3341663056,w,,,0.164124,,21.8119,,Pan-STARRS1,1,,MJD,
58667.3341663056,w,,,0.176262,,21.879,,Pan-STARRS1,1,,MJD,
58667.3457973589,w,,,0.227081,,21.9216,,Pan-STARRS1,1,,MJD,
58667.3457973589,w,,,0.242317,,21.9744,,Pan-STARRS1,1,,MJD,
58667.3574345652,w,,,0.158648,,21.8765,,Pan-STARRS1,1,,MJD,
58667.3574345652,w,,,0.166807,,21.9333,,Pan-STARRS1,1,,MJD,
