time,band,bandset,e_fluxdensity,e_magnitude,fluxdensity,magnitude,system,telescope,source,u_fluxdensity,u_time,upperlimit
58667.3153758441,w,,,0.0882112,,21.2535,,Pan-STARRS1,1,,MJD,
58667.3160188105,w,,,0.0754584,,21.2612,,Pan-STARRS1,1,,MJD,
58667.3270709631,w,,,0.0852963,,21.3347,,Pan-STARRS1,1,,MJD,
58667.327714566,w,,,0.0853537,,21.4849,,Pan-STARRS1,1,,MJD,
58667.3387113605,w,,,0.092522,,21.293,,Pan-STARRS1,1,,MJD,
58667.3393560197,w,,,0.116097,,21.3576,,Pan-STARRS1,1,,MJD,
58667.3503198167,w,,,0.137569,,21.2538,,Pan-STARRS1,1,,MJD,
58667.3509616307,w,,,0.122572,,21.3497,,Pan-STARRS1,1,,MJD,
