time,band,bandset,e_fluxdensity,e_magnitude,fluxdensity,magnitude,system,telescope,source,u_fluxdensity,u_time,upperlimit
58662.395835545,w,,,0.0339702,,19.3449,,Pan-STARRS1,1,,MJD,
58662.4079209282,w,,,0.0318327,,19.368,,Pan-STARRS1,1,,MJD,
58662.4200123176,w,,,0.0231258,,19.3695,,Pan-STARRS1,1,,MJD,
58662.4320451966,w,,,0.0335814,,19.3327,,Pan-STARRS1,1,,MJD,
58667.3642369349,w,,,0.0206474,,19.3572,,Pan-STARRS1,1,,MJD,
58667.3763074,w,,,0.025512,,19.3461,,Pan-STARRS1,1,,MJD,
58667.3884130255,w,,,0.0313303,,19.3577,,Pan-STARRS1,1,,MJD,
58667.4004606164,w,,,0.023877,,19.3536,,Pan-STARRS1,1,,MJD,
58670.3748082808,w,,,0.0229068,,19.5873,,Pan-STARRS1,1,,MJD,
