time,band,bandset,e_fluxdensity,e_magnitude,fluxdensity,magnitude,system,telescope,source,u_fluxdensity,u_time,upperlimit
58665.4440014946,w,,,0.0684678,,21.3211,,Pan-STARRS1,1,,MJD,
58665.4440014946,w,,,0.0604488,,21.3365,,Pan-STARRS1,1,,MJD,
58665.4591316823,w,,,0.146545,,21.3055,,Pan-STARRS1,1,,MJD,
58665.4591316823,w,,,0.152367,,21.3268,,Pan-STARRS1,1,,MJD,
58665.478144668,w,,,0.19844,,21.2939,,Pan-STARRS1,1,,MJD,
58665.478144668,w,,,0.161339,,21.3068,,Pan-STARRS1,1,,MJD,
58665.4916617504,w,,,0.164651,,21.2864,,Pan-STARRS1,1,,MJD,
58665.4916617504,w,,,0.145952,,21.2877,,Pan-STARRS1,1,,MJD,
