time,band,bandset,e_fluxdensity,e_magnitude,fluxdensity,magnitude,system,telescope,source,u_fluxdensity,u_time,upperlimit
58663.5,,,,,,20.3,,,"1,2",,MJD,
58664.514822557,w,,,0.0323184,,20.273,,Pan-STARRS1,1,,MJD,
58664.514822557,w,,,0.0339281,,20.2921,,Pan-STARRS1,1,,MJD,
58664.5271622516,w,,,0.0556927,,20.2718,,Pan-STARRS1,1,,MJD,
58664.5271622516,w,,,0.0612598,,20.3005,,Pan-STARRS1,1,,MJD,
58664.5395037801,w,,,0.0394908,,20.3,,Pan-STARRS1,1,,MJD,
58664.5395037801,w,,,0.0426784,,20.3148,,Pan-STARRS1,1,,MJD,
58664.5518682861,w,,,0.0309852,,20.2733,,Pan-STARRS1,1,,MJD,
58664.5518682861,w,,,0.0330613,,20.2858,,Pan-STARRS1,1,,MJD,
