time,band,bandset,e_fluxdensity,e_magnitude,fluxdensity,magnitude,system,telescope,source,u_fluxdensity,u_time,upperlimit
58664.2729888287,w,,,0.0583385,,20.2686,,Pan-STARRS1,1,,MJD,
58664.2729888287,w,,,0.057305,,20.2686,,Pan-STARRS1,1,,MJD,
58664.2853274789,w,,,0.0322927,,20.2433,,Pan-STARRS1,1,,MJD,
58664.2853274789,w,,,0.0339225,,20.2629,,Pan-STARRS1,1,,MJD,
58664.2976763979,w,,,0.0487821,,20.205,,Pan-STARRS1,1,,MJD,
58664.2976763979,w,,,0.0457662,,20.2188,,Pan-STARRS1,1,,MJD,
58664.3099703961,w,,,0.0398247,,20.2507,,Pan-STARRS1,1,,MJD,
58664.3099703961,w,,,0.0421084,,20.284,,Pan-STARRS1,1,,MJD,
