time,band,bandset,e_fluxdensity,e_magnitude,fluxdensity,magnitude,system,telescope,source,u_fluxdensity,u_time,upperlimit
58662.3124586377,w,,,0.101903,,21.4612,,Pan-STARRS1,1,,MJD,
58662.3232557671,w,,,0.14858,,21.4056,,Pan-STARRS1,1,,MJD,
58662.3340044208,w,,,0.163565,,21.4073,,Pan-STARRS1,1,,MJD,
58662.3447229774,w,,,0.122283,,21.5268,,Pan-STARRS1,1,,MJD,
58663.4102986919,w,,,0.0874338,,21.5243,,Pan-STARRS1,1,,MJD,
58663.4221977062,w,,,0.0764426,,21.5227,,Pan-STARRS1,1,,MJD,
58663.4340620754,w,,,0.105952,,21.5573,,Pan-STARRS1,1,,MJD,
58663.4459269215,w,,,0.126481,,21.5169,,Pan-STARRS1,1,,MJD,
