time,band,bandset,e_fluxdensity,e_magnitude,fluxdensity,magnitude,system,telescope,source,u_fluxdensity,u_time,upperlimit
58669.5,,,,,,21.1,,,"1,2",,MJD,
58670.512169296,w,,,0.0483154,,21.2294,,Pan-STARRS1,1,,MJD,
58670.5173486937,w,,,0.0628312,,21.1973,,Pan-STARRS1,1,,MJD,
58670.5240179501,w,,,0.0536237,,21.2593,,Pan-STARRS1,1,,MJD,
58670.5292167758,w,,,0.0652464,,21.2422,,Pan-STARRS1,1,,MJD,
58670.5359419705,w,,,0.0696492,,21.2024,,Pan-STARRS1,1,,MJD,
58670.5411311602,w,,,0.0604398,,21.2294,,Pan-STARRS1,1,,MJD,
58670.5478443374,w,,,0.080327,,21.2608,,Pan-STARRS1,1,,MJD,
58670.553032121,w,,,0.0698606,,21.1447,,Pan-STARRS1,1,,MJD,
