time,band,bandset,e_fluxdensity,e_magnitude,fluxdensity,magnitude,system,telescope,source,u_fluxdensity,u_time,upperlimit
58669.3154432805,w,,,0.153223,,21.4262,,Pan-STARRS1,1,,MJD,
58669.3154432805,w,,,0.153083,,21.5489,,Pan-STARRS1,1,,MJD,
58669.3278322114,w,,,0.143909,,21.5721,,Pan-STARRS1,1,,MJD,
58669.3278322114,w,,,0.142691,,21.6628,,Pan-STARRS1,1,,MJD,
58669.3401921066,w,,,0.173618,,21.4024,,Pan-STARRS1,1,,MJD,
58669.3401921066,w,,,0.172716,,21.4749,,Pan-STARRS1,1,,MJD,
58669.3525001347,w,,,0.140722,,21.385,,Pan-STARRS1,1,,MJD,
58669.3525001347,w,,,0.137437,,21.4722,,Pan-STARRS1,1,,MJD,
