time,band,bandset,e_fluxdensity,e_magnitude,fluxdensity,magnitude,system,telescope,source,u_fluxdensity,u_time,upperlimit
58664.5,,,,,,20.2,,,"1,2",,MJD,
58665.561909393,w,,,0.0227869,,20.2253,,Pan-STARRS1,1,,MJD,
58665.5728743718,w,,,0.0249215,,20.2105,,Pan-STARRS1,1,,MJD,
58665.583874295,w,,,0.02833,,20.1939,,Pan-STARRS1,1,,MJD,
58665.5948788711,w,,,0.0381711,,20.2192,,Pan-STARRS1,1,,MJD,
58674.5276477109,w,,,0.0340794,,20.2331,,Pan-STARRS1,1,,MJD,
58674.5386780258,w,,,0.0438638,,20.2549,,Pan-STARRS1,1,,MJD,
58674.5496880049,w,,,0.0383293,,20.2563,,Pan-STARRS1,1,,MJD,
58674.5607007313,w,,,0.0363385,,20.2322,,Pan-STARRS1,1,,MJD,
