time,band,bandset,e_fluxdensity,e_magnitude,fluxdensity,magnitude,system,telescope,source,u_fluxdensity,u_time,upperlimit
58665.5,,,,,,20.2,,,"1,2",,MJD,
58666.5961806342,w,,,0.0464169,,20.2016,,Pan-STARRS1,1,,MJD,
58666.5961806342,w,,,0.0400918,,20.2621,,Pan-STARRS1,1,,MJD,
58666.5983606948,w,,,0.0434952,,20.199,,Pan-STARRS1,1,,MJD,
58666.5983606948,w,,,0.0376477,,20.2666,,Pan-STARRS1,1,,MJD,
58666.6005592062,w,,,0.0477666,,20.2266,,Pan-STARRS1,1,,MJD,
58666.6005592062,w,,,0.0410677,,20.2816,,Pan-STARRS1,1,,MJD,
58666.6026753954,w,,,0.0488978,,20.2008,,Pan-STARRS1,1,,MJD,
58666.6026753954,w,,,0.0428531,,20.2938,,Pan-STARRS1,1,,MJD,
