time,band,bandset,e_fluxdensity,e_magnitude,fluxdensity,magnitude,system,telescope,source,u_fluxdensity,u_time,upperlimit
58665.3975719371,w,,,0.0777123,,21.5597,,Pan-STARRS1,1,,MJD,
58665.4104254265,w,,,0.0856327,,21.5119,,Pan-STARRS1,1,,MJD,
58665.4233832582,w,,,0.0914,,21.5938,,Pan-STARRS1,1,,MJD,
58665.4363051864,w,,,0.0871406,,21.7053,,Pan-STARRS1,1,,MJD,
58669.3752915914,w,,,0.0916041,,21.4566,,Pan-STARRS1,1,,MJD,
58669.3880606919,w,,,0.125188,,21.8626,,Pan-STARRS1,1,,MJD,
58669.4008669694,w,,,0.119462,,21.674,,Pan-STARRS1,1,,MJD,
58669.4136136048,w,,,0.135827,,21.641,,Pan-STARRS1,1,,MJD,
