time,band,bandset,e_fluxdensity,e_magnitude,fluxdensity,magnitude,system,telescope,source,u_fluxdensity,u_time,upperlimit
58665.3975719371,w,,,0.0425396,,20.2501,,Pan-STARRS1,1,,MJD,
58665.4104254265,w,,,0.0477232,,20.256,,Pan-STARRS1,1,,MJD,
58665.4233832582,w,,,0.0463681,,20.3007,,Pan-STARRS1,1,,MJD,
58665.4363051864,w,,,0.0426836,,20.2929,,Pan-STARRS1,1,,MJD,
58669.3766954988,w,,,0.0470093,,20.156,,Pan-STARRS1,1,,MJD,
58669.3894816325,w,,,0.0478973,,20.2066,,Pan-STARRS1,1,,MJD,
58669.4022857435,w,,,0.0517125,,20.2422,,Pan-STARRS1,1,,MJD,
58669.4150431381,w,,,0.0612622,,20.2584,,Pan-STARRS1,1,,MJD,
