time,band,bandset,e_fluxdensity,e_magnitude,fluxdensity,magnitude,system,telescope,source,u_fluxdensity,u_time,upperlimit
58674.3740756837,i,,,0.191903,,21.0337,,Pan-STARRS1,1,,MJD,
58674.3897553319,i,,,0.252926,,21.1536,,Pan-STARRS1,1,,MJD,
58674.4053548953,i,,,0.135266,,20.977,,Pan-STARRS1,1,,MJD,
58674.42352182,i,,,0.169666,,21.1174,,Pan-STARRS1,1,,MJD,
58684.3660720973,i,,,0.170678,,19.9445,,Pan-STARRS1,1,,MJD,
58684.3776945225,i,,,0.171082,,20.1417,,Pan-STARRS1,1,,MJD,
58684.3893152717,i,,,0.198195,,19.9498,,Pan-STARRS1,1,,MJD,
58684.4009249509,i,,,0.275333,,20.0401,,Pan-STARRS1,1,,MJD,
