time,band,bandset,e_fluxdensity,e_magnitude,fluxdensity,magnitude,system,telescope,source,u_fluxdensity,u_time,upperlimit
58663.5,,,,,,21.7,,,"1,2",,MJD,
58664.5167533714,w,,,0.0801359,,21.7204,,Pan-STARRS1,1,,MJD,
58664.5167533714,w,,,0.076574,,21.7346,,Pan-STARRS1,1,,MJD,
58664.5290967672,w,,,0.0844091,,21.7775,,Pan-STARRS1,1,,MJD,
58664.5290967672,w,,,0.0782586,,21.8302,,Pan-STARRS1,1,,MJD,
58664.5414355109,w,,,0.0714141,,21.6985,,Pan-STARRS1,1,,MJD,
58664.5414355109,w,,,0.0691165,,21.735,,Pan-STARRS1,1,,MJD,
58664.5538048275,w,,,0.0983726,,21.6838,,Pan-STARRS1,1,,MJD,
58664.5538048275,w,,,0.100002,,21.7259,,Pan-STARRS1,1,,MJD,
