time,band,bandset,e_fluxdensity,e_magnitude,fluxdensity,magnitude,system,telescope,source,u_fluxdensity,u_time,upperlimit
58667.5523727216,w,,,0.254063,,22.037,,Pan-STARRS1,1,,MJD,
58667.5626797842,w,,,0.120753,,21.7733,,Pan-STARRS1,1,,MJD,
58667.5729969666,w,,,0.205134,,21.7481,,Pan-STARRS1,1,,MJD,
58667.5833208533,w,,,0.176465,,21.7555,,Pan-STARRS1,1,,MJD,
58671.5642035752,w,,,0.369271,,21.8643,,Pan-STARRS1,1,,MJD,
58671.5761449919,w,,,0.298336,,21.9066,,Pan-STARRS1,1,,MJD,
58671.5880980767,w,,,0.292355,,21.7809,,Pan-STARRS1,1,,MJD,
58671.6000329418,w,,,0.216837,,21.7062,,Pan-STARRS1,1,,MJD,
