time,band,bandset,e_fluxdensity,e_magnitude,fluxdensity,magnitude,system,telescope,source,u_fluxdensity,u_time,upperlimit
58665.3983196253,w,,,0.0243509,,20.1457,,Pan-STARRS1,1,,MJD,
58665.4111888964,w,,,0.028405,,20.1708,,Pan-STARRS1,1,,MJD,
58665.4241463993,w,,,0.0308674,,20.2153,,Pan-STARRS1,1,,MJD,
58665.437072751,w,,,0.0274183,,20.1904,,Pan-STARRS1,1,,MJD,
58669.3786314478,w,,,0.0536526,,20.6001,,Pan-STARRS1,1,,MJD,
58669.3914184711,w,,,0.0421348,,20.5676,,Pan-STARRS1,1,,MJD,
58669.4042210608,w,,,0.0555694,,20.5709,,Pan-STARRS1,1,,MJD,
58669.4169780495,w,,,0.0624732,,20.5228,,Pan-STARRS1,1,,MJD,
