time,band,bandset,e_fluxdensity,e_magnitude,fluxdensity,magnitude,system,telescope,source,u_fluxdensity,u_time,upperlimit
58665.4401371968,w,,,0.0867665,,21.6002,,Pan-STARRS1,1,,MJD,
58665.4552609097,w,,,0.284634,,21.7338,,Pan-STARRS1,1,,MJD,
58665.4742201012,w,,,0.265893,,21.4969,,Pan-STARRS1,1,,MJD,
58665.4878105995,w,,,0.16186,,21.5747,,Pan-STARRS1,1,,MJD,
58669.3766954989,w,,,0.119299,,21.5808,,Pan-STARRS1,1,,MJD,
58669.3894816325,w,,,0.155716,,21.747,,Pan-STARRS1,1,,MJD,
58669.4022857435,w,,,0.129102,,21.6753,,Pan-STARRS1,1,,MJD,
58669.4150431381,w,,,0.174957,,21.711,,Pan-STARRS1,1,,MJD,
