time,band,bandset,e_fluxdensity,e_magnitude,fluxdensity,magnitude,system,telescope,source,u_fluxdensity,u_time,upperlimit
58665.4501136822,w,,,0.128935,,20.902,,Pan-STARRS1,1,,MJD,
58665.4690662233,w,,,0.12582,,20.9826,,Pan-STARRS1,1,,MJD,
58665.4826528967,w,,,0.102751,,21.0169,,Pan-STARRS1,1,,MJD,
58665.4961721027,w,,,0.104922,,21.0517,,Pan-STARRS1,1,,MJD,
58671.3661459619,w,,,0.0869153,,21.4726,,Pan-STARRS1,1,,MJD,
58671.3778376137,w,,,0.108114,,21.4078,,Pan-STARRS1,1,,MJD,
58671.3895972775,w,,,0.142935,,21.3508,,Pan-STARRS1,1,,MJD,
58671.4014128609,w,,,0.108245,,21.4214,,Pan-STARRS1,1,,MJD,
