time,band,bandset,e_fluxdensity,e_magnitude,fluxdensity,magnitude,system,telescope,source,u_fluxdensity,u_time,upperlimit
58610.3494728529,w,,,0.0584494,,20.5226,,Pan-STARRS1,1,,MJD,
58610.3623117441,w,,,0.0523778,,20.5758,,Pan-STARRS1,1,,MJD,
58610.3751459544,w,,,0.0480456,,20.495,,Pan-STARRS1,1,,MJD,
58610.3878882917,w,,,0.0479622,,20.5402,,Pan-STARRS1,1,,MJD,
58614.5386942239,w,,,0.103468,,20.8677,,Pan-STARRS1,1,,MJD,
58614.5509864838,w,,,0.0939076,,20.7651,,Pan-STARRS1,1,,MJD,
58614.563282242,w,,,0.107088,,20.8112,,Pan-STARRS1,1,,MJD,
58614.5756128696,w,,,0.122165,,20.8085,,Pan-STARRS1,1,,MJD,
