time,band,bandset,e_fluxdensity,e_magnitude,fluxdensity,magnitude,system,telescope,source,u_fluxdensity,u_time,upperlimit
58666.4107109926,w,,,0.0172507,,19.0955,,Pan-STARRS1,1,,MJD,
58666.4107109926,w,,,0.0157929,,19.1144,,Pan-STARRS1,1,,MJD,
58666.42525141,w,,,0.0222898,,19.0675,,Pan-STARRS1,1,,MJD,
58666.42525141,w,,,0.0198163,,19.1024,,Pan-STARRS1,1,,MJD,
58666.4397551647,w,,,0.0188617,,19.0728,,Pan-STARRS1,1,,MJD,
58666.4397551647,w,,,0.0168731,,19.0989,,Pan-STARRS1,1,,MJD,
58666.4543012944,w,,,0.018483,,19.0639,,Pan-STARRS1,1,,MJD,
58666.4543012944,w,,,0.0157873,,19.1005,,Pan-STARRS1,1,,MJD,
