time,band,bandset,e_fluxdensity,e_magnitude,fluxdensity,magnitude,system,telescope,source,u_fluxdensity,u_time,upperlimit
57890.3579717603,w,,,0.0265294,,18.8346,,Pan-STARRS1,"3,4",,MJD,
57890.3579977,w,,,0.03,,18.83,,PS1,5,,MJD,
57890.370896435,w,,,0.0253193,,18.8283,,Pan-STARRS1,"3,4",,MJD,
57890.3838700667,w,,,0.0196098,,18.8677,,Pan-STARRS1,"3,4",,MJD,
57890.3968485454,w,,,0.0177206,,18.8502,,Pan-STARRS1,"3,4",,MJD,
57944.2960693677,i,,,0.0699407,,20.5775,,Pan-STARRS1,"3,4",,MJD,
57944.307415559,i,,,0.0782804,,20.571,,Pan-STARRS1,"3,4",,MJD,
57944.3187803114,i,,,0.0796071,,20.5991,,Pan-STARRS1,"3,4",,MJD,
57944.3301378157,i,,,0.0849062,,20.5948,,Pan-STARRS1,"3,4",,MJD,
