time,band,bandset,e_fluxdensity,e_magnitude,fluxdensity,magnitude,system,telescope,source,u_fluxdensity,u_time,upperlimit
58443.4470486,r,,,0.130283,,19.4977,,P48,2,,MJD,
58443.513588,g,,,0.211723,,20.0457,,P48,2,,MJD,
58443.5159028,g,,,0.163044,,20.1393,,P48,2,,MJD,
58447.4311574,r,,,0.11313,,18.8586,,P48,2,,MJD,
58447.4450116,r,,,0.0912113,,18.8239,,P48,2,,MJD,
58447.5095139,r,,,0.128243,,19.0301,,P48,2,,MJD,
58447.5137616,r,,,0.144429,,18.9875,,P48,2,,MJD,
