time,band,bandset,e_fluxdensity,e_magnitude,fluxdensity,magnitude,system,telescope,source,u_fluxdensity,u_time,upperlimit
58631.5,,,,,,18.7,,,"2,3",,MJD,
58662.530250682,w,,,0.0547168,,19.61,,Pan-STARRS1,1,,MJD,
58662.5418809754,w,,,0.039883,,19.5416,,Pan-STARRS1,1,,MJD,
58662.5535078301,w,,,0.0380697,,19.5343,,Pan-STARRS1,1,,MJD,
58662.5651527831,w,,,0.102589,,19.711,,Pan-STARRS1,1,,MJD,
58664.514822557,w,,,0.0301727,,19.5963,,Pan-STARRS1,1,,MJD,
58664.5271622516,w,,,0.056224,,19.6271,,Pan-STARRS1,1,,MJD,
58664.5395037801,w,,,0.0302835,,19.5931,,Pan-STARRS1,1,,MJD,
58664.5518682861,w,,,0.0253186,,19.6067,,Pan-STARRS1,1,,MJD,
