time,band,bandset,e_fluxdensity,e_magnitude,fluxdensity,magnitude,system,telescope,source,u_fluxdensity,u_time,upperlimit
58675.5,,,,,,19.0,,,"3,4",,MJD,
58684.3216161216,i,,,0.069363,,19.3511,,Pan-STARRS1,2,,MJD,
58684.3216161216,i,,,0.0732862,,19.3698,,Pan-STARRS1,2,,MJD,
58684.3326557246,i,,,0.113014,,19.3047,,Pan-STARRS1,2,,MJD,
58684.3326557246,i,,,0.117908,,19.312,,Pan-STARRS1,2,,MJD,
58684.3436857718,i,,,0.0788334,,19.2944,,Pan-STARRS1,2,,MJD,
58684.3436857718,i,,,0.0813163,,19.3069,,Pan-STARRS1,2,,MJD,
58684.3546747739,i,,,0.0992666,,19.3213,,Pan-STARRS1,2,,MJD,
58684.3546747739,i,,,0.103399,,19.3371,,Pan-STARRS1,2,,MJD,
