time,band,bandset,e_fluxdensity,e_magnitude,fluxdensity,magnitude,system,telescope,source,u_fluxdensity,u_time,upperlimit
58402.6459954,orange,,,,,17.46,,ATLAS1,2,,MJD,True
58408.6289931,orange,,,0.048,,17.725,,ATLAS1,2,,MJD,
58428.4992824,r,,,0.104213,,18.9319,,P48,2,,MJD,
58428.5285301,g,,,0.233953,,20.4568,,P48,2,,MJD,
58430.3701273,g,,,0.267117,,20.5833,,P48,2,,MJD,
58431.5110185,r,,,0.139956,,19.1308,,P48,2,,MJD,
58434.4641551,r,,,0.185676,,19.3614,,P48,2,,MJD,
58437.369838,r,,,0.151686,,19.6722,,P48,2,,MJD,
58443.446088,r,,,0.170599,,19.8148,,P48,2,,MJD,
