time,band,bandset,e_fluxdensity,e_magnitude,fluxdensity,magnitude,system,telescope,source,u_fluxdensity,u_time,upperlimit
58597.5,,,,,,19.0,,,"3,4",,MJD,
58607.3102277474,w,,,0.0195677,,17.4955,,Pan-STARRS1,2,,MJD,
58607.3213595221,w,,,0.011263,,17.5022,,Pan-STARRS1,2,,MJD,
58607.3324896148,w,,,0.0173072,,17.4872,,Pan-STARRS1,2,,MJD,
58607.3436247353,w,,,0.014382,,17.4714,,Pan-STARRS1,2,,MJD,
58632.3103765212,w,,,0.0160693,,18.258,,Pan-STARRS1,2,,MJD,
58632.3217464074,w,,,0.0193461,,18.2947,,Pan-STARRS1,2,,MJD,
58632.3331225883,w,,,0.0191893,,18.2822,,Pan-STARRS1,2,,MJD,
58632.3445010898,w,,,0.0260132,,18.2974,,Pan-STARRS1,2,,MJD,
