time,band,bandset,e_fluxdensity,e_magnitude,fluxdensity,magnitude,system,telescope,source,u_fluxdensity,u_time,upperlimit
57509.4290162,w,,,,,21.23,,PS1,4,,MJD,
57509.4290165818,w,,,0.109027,,21.2274,,Pan-STARRS1,3,,MJD,
57509.4417045758,w,,,0.185051,,21.2523,,Pan-STARRS1,3,,MJD,
57509.4544044146,w,,,0.165569,,21.2319,,Pan-STARRS1,3,,MJD,
57509.4671232585,w,,,0.179332,,21.3862,,Pan-STARRS1,3,,MJD,
57513.4554994347,w,,,0.0758942,,20.9897,,Pan-STARRS1,3,,MJD,
57513.4675021063,w,,,0.0533205,,20.9425,,Pan-STARRS1,3,,MJD,
57513.4794937213,w,,,0.0684251,,21.0333,,Pan-STARRS1,3,,MJD,
57513.4914867883,w,,,0.0863601,,20.9927,,Pan-STARRS1,3,,MJD,
