time,band,bandset,e_fluxdensity,e_magnitude,fluxdensity,magnitude,system,telescope,source,u_fluxdensity,u_time,upperlimit
57863.3229977,w,,,0.03,,19.29,,PS1,5,,MJD,
57863.3234417774,w,,,0.0307944,,19.2922,,Pan-STARRS1,"3,4",,MJD,
57863.335819127,w,,,0.0350269,,19.3202,,Pan-STARRS1,"3,4",,MJD,
57863.3482325817,w,,,0.0313554,,19.3332,,Pan-STARRS1,"3,4",,MJD,
57863.3612846484,w,,,0.0293136,,19.3252,,Pan-STARRS1,"3,4",,MJD,
57871.3636241541,w,,,0.0607157,,19.1392,,Pan-STARRS1,"3,4",,MJD,
57871.3756254652,w,,,0.0413375,,19.1407,,Pan-STARRS1,"3,4",,MJD,
57871.4523092494,w,,,0.0483772,,19.1555,,Pan-STARRS1,"3,4",,MJD,
57871.4637617543,w,,,0.0471955,,19.1616,,Pan-STARRS1,"3,4",,MJD,
