time,band,bandset,e_fluxdensity,e_magnitude,fluxdensity,magnitude,system,telescope,source,u_fluxdensity,u_time,upperlimit
58423.4629977,g,,,,,18.92,,P48,2,,MJD,
58423.4633449,g,,,0.146279,,18.923,,P48,2,,MJD,
58423.5409954,r,,,,,18.88,,P48,2,,MJD,
58423.541412,r,,,0.0890232,,18.8825,,P48,2,,MJD,
58426.5244213,r,,,0.103091,,19.0604,,P48,2,,MJD,
58429.4858102,g,,,0.0796971,,19.0456,,P48,2,,MJD,
58429.5339352,r,,,0.113726,,19.1131,,P48,2,,MJD,
58432.4928935,g,,,0.104502,,19.3049,,P48,2,,MJD,
58432.5342014,r,,,0.11347,,19.1344,,P48,2,,MJD,
