time,band,bandset,e_fluxdensity,e_magnitude,fluxdensity,magnitude,system,telescope,source,u_fluxdensity,u_time,upperlimit
58649.5514004911,i,,,0.0531235,,19.5305,,Pan-STARRS1,2,,MJD,
58649.5631407857,i,,,0.0492248,,19.5503,,Pan-STARRS1,2,,MJD,
58649.5748430495,i,,,0.0513614,,19.5952,,Pan-STARRS1,2,,MJD,
58649.586550956,i,,,0.0424072,,19.5741,,Pan-STARRS1,2,,MJD,
58664.4582140321,w,,,0.0123419,,18.6775,,Pan-STARRS1,2,,MJD,
58664.4705578935,w,,,0.0097362,,18.7596,,Pan-STARRS1,2,,MJD,
58664.482913225,w,,,0.0119036,,18.825,,Pan-STARRS1,2,,MJD,
58664.4952834668,w,,,0.016009,,18.9316,,Pan-STARRS1,2,,MJD,
