time,band,bandset,e_fluxdensity,e_magnitude,fluxdensity,magnitude,system,telescope,source,u_fluxdensity,u_time,upperlimit
58634.5,,,,,,18.6,,,"3,4",,MJD,
58641.4710738826,w,,,0.00900332,,18.576,,Pan-STARRS1,2,,MJD,
58641.4830360641,w,,,0.00894794,,18.5714,,Pan-STARRS1,2,,MJD,
58641.4949337616,w,,,0.0092458,,18.5887,,Pan-STARRS1,2,,MJD,
58641.5068384926,w,,,0.00969545,,18.5788,,Pan-STARRS1,2,,MJD,
58664.4071274223,w,,,0.0105655,,18.7398,,Pan-STARRS1,2,,MJD,
58664.4191988978,w,,,0.0107427,,18.7323,,Pan-STARRS1,2,,MJD,
58664.4313392337,w,,,0.0123837,,18.7397,,Pan-STARRS1,2,,MJD,
58664.4434283894,w,,,0.0109599,,18.7161,,Pan-STARRS1,2,,MJD,
