time,band,bandset,e_fluxdensity,e_magnitude,fluxdensity,magnitude,system,telescope,source,u_fluxdensity,u_time,upperlimit
57863.2589931,w,,,0.01,,18.52,,PS1,5,,MJD,
57863.2590782581,w,,,0.0122561,,18.5186,,Pan-STARRS1,"3,4",,MJD,
57863.2712391637,w,,,0.0102642,,18.5136,,Pan-STARRS1,"3,4",,MJD,
57863.2834027745,w,,,0.0138511,,18.5477,,Pan-STARRS1,"3,4",,MJD,
57863.2955474853,w,,,0.0156786,,18.477,,Pan-STARRS1,"3,4",,MJD,
57882.3139454406,i,,,0.143195,,19.0961,,Pan-STARRS1,"3,4",,MJD,
57882.3254985084,i,,,0.156219,,19.0866,,Pan-STARRS1,"3,4",,MJD,
57882.3370383396,i,,,0.163134,,19.2449,,Pan-STARRS1,"3,4",,MJD,
57882.3486235765,i,,,0.122544,,19.1273,,Pan-STARRS1,"3,4",,MJD,
