time,band,bandset,e_fluxdensity,e_magnitude,fluxdensity,magnitude,system,telescope,source,u_fluxdensity,u_time,upperlimit
57432.2305903,r,,,,,17.8556,,PS1,5,,MJD,
57432.2305933531,r,,,0.0179522,,17.8556,,Pan-STARRS1,4,,MJD,
57432.2439904488,r,,,0.0195732,,17.8595,,Pan-STARRS1,4,,MJD,
57432.2610480664,r,,,0.0153818,,17.8552,,Pan-STARRS1,4,,MJD,
57468.2481617597,i,,,0.0935358,,18.332,,Pan-STARRS1,4,,MJD,
57468.2611747129,i,,,0.0678776,,18.3858,,Pan-STARRS1,4,,MJD,
57468.2741101457,i,,,0.0585594,,18.3688,,Pan-STARRS1,4,,MJD,
57468.2870451296,i,,,0.0791158,,18.3523,,Pan-STARRS1,4,,MJD,
