time,band,bandset,e_fluxdensity,e_magnitude,fluxdensity,magnitude,system,telescope,source,u_fluxdensity,u_time,upperlimit
58662.4871312239,w,,,0.0704625,,20.1055,,Pan-STARRS1,2,,MJD,
58662.496834348,w,,,0.0592591,,20.0639,,Pan-STARRS1,2,,MJD,
58662.5065402486,w,,,0.0756106,,20.1514,,Pan-STARRS1,2,,MJD,
58662.5162479672,w,,,0.0602613,,20.1178,,Pan-STARRS1,2,,MJD,
58668.464954289,w,,,0.0261355,,19.1532,,Pan-STARRS1,2,,MJD,
58668.4766075057,w,,,0.024546,,19.1364,,Pan-STARRS1,2,,MJD,
58668.4882467897,w,,,0.0241883,,19.1814,,Pan-STARRS1,2,,MJD,
58668.4999024115,w,,,0.0255588,,19.1386,,Pan-STARRS1,2,,MJD,
