time,band,bandset,e_fluxdensity,e_magnitude,fluxdensity,magnitude,system,telescope,source,u_fluxdensity,u_time,upperlimit
58421.5,,,,,,18.8,,,"3,4",,MJD,
58491.2185454713,w,,,0.0780029,,20.4949,,Pan-STARRS1,2,,MJD,
58491.2185454713,w,,,0.0664926,,20.5819,,Pan-STARRS1,2,,MJD,
58491.2320869439,w,,,0.0965817,,20.498,,Pan-STARRS1,2,,MJD,
58491.2320869439,w,,,0.0831162,,20.529,,Pan-STARRS1,2,,MJD,
58491.2456799731,w,,,0.0629318,,20.4467,,Pan-STARRS1,2,,MJD,
58491.2456799731,w,,,0.0568684,,20.5344,,Pan-STARRS1,2,,MJD,
58491.2592807273,w,,,0.0545432,,20.351,,Pan-STARRS1,2,,MJD,
58491.2592807273,w,,,0.0477689,,20.4704,,Pan-STARRS1,2,,MJD,
