time,band,bandset,e_fluxdensity,e_magnitude,fluxdensity,magnitude,system,telescope,source,u_fluxdensity,u_time,upperlimit
58601.5,,,,,,20.0,,,"3,4",,MJD,
58611.4907354239,w,,,0.0152886,,18.7552,,Pan-STARRS1,2,,MJD,
58611.5023461919,w,,,0.0106957,,18.763,,Pan-STARRS1,2,,MJD,
58611.5139394385,w,,,0.0125363,,18.7949,,Pan-STARRS1,2,,MJD,
58611.5255338033,w,,,0.0164825,,18.7878,,Pan-STARRS1,2,,MJD,
58614.2990261566,i,,,0.0328309,,18.7466,,Pan-STARRS1,2,,MJD,
58614.3100209315,i,,,0.027963,,18.7347,,Pan-STARRS1,2,,MJD,
58614.3209985161,i,,,0.0216396,,18.7315,,Pan-STARRS1,2,,MJD,
58614.3319950704,i,,,0.0205557,,18.7368,,Pan-STARRS1,2,,MJD,
