time,band,bandset,e_fluxdensity,e_magnitude,fluxdensity,magnitude,system,telescope,source,u_fluxdensity,u_time,upperlimit
58615.5,,,,,,19.2,,,"5,6",,MJD,
58631.3569254334,w,,,0.022728,,19.1762,,Pan-STARRS1,"2,3,4",,MJD,
58631.3687353014,w,,,0.0142211,,19.2802,,Pan-STARRS1,"2,3,4",,MJD,
58631.3805889467,w,,,0.0112258,,19.2292,,Pan-STARRS1,"2,3,4",,MJD,
58631.3924710675,w,,,0.0143702,,19.2253,,Pan-STARRS1,"2,3,4",,MJD,
58662.3071845835,w,,,0.0705878,,20.876,,Pan-STARRS1,"2,3,4",,MJD,
58662.3179631402,w,,,0.0591407,,20.8445,,Pan-STARRS1,"2,3,4",,MJD,
58662.3287170109,w,,,0.0635318,,20.8404,,Pan-STARRS1,"2,3,4",,MJD,
58662.3394348977,w,,,0.0578248,,20.8153,,Pan-STARRS1,"2,3,4",,MJD,
