time,band,bandset,e_fluxdensity,e_magnitude,fluxdensity,magnitude,system,telescope,source,u_fluxdensity,u_time,upperlimit
57407.0903819,r,,,,,20.0642,,PS1,5,,MJD,
57407.5903873622,r,,,0.0608075,,20.0642,,Pan-STARRS1,"1,4",,MJD,
57407.6014244491,r,,,0.068829,,20.1514,,Pan-STARRS1,"1,4",,MJD,
57407.6124874917,r,,,0.0806509,,20.0756,,Pan-STARRS1,"1,4",,MJD,
57411.5470350142,i,,,0.194835,,20.1465,,Pan-STARRS1,"1,4",,MJD,
57411.5586252031,i,,,0.075652,,19.6371,,Pan-STARRS1,"1,4",,MJD,
57411.5702446162,i,,,0.154474,,19.821,,Pan-STARRS1,"1,4",,MJD,
57437.5213863718,r,,,0.319659,,20.2149,,Pan-STARRS1,"1,4",,MJD,
57437.5466238823,r,,,0.220569,,20.0724,,Pan-STARRS1,"1,4",,MJD,
