time,band,bandset,e_fluxdensity,e_magnitude,fluxdensity,magnitude,system,telescope,source,u_fluxdensity,u_time,upperlimit
58570.5,,,,,,19.3,,,"3,4",,MJD,
58660.2855354124,w,,,0.07482,,19.6424,,Pan-STARRS1,2,,MJD,
58660.2966917888,w,,,0.0563277,,19.6315,,Pan-STARRS1,2,,MJD,
58660.3078668811,w,,,0.214236,,19.6053,,Pan-STARRS1,2,,MJD,
58660.3190567335,w,,,0.108337,,19.6807,,Pan-STARRS1,2,,MJD,
58669.2785393572,w,,,0.0572529,,20.0292,,Pan-STARRS1,2,,MJD,
58669.2898584064,w,,,0.0398715,,20.0368,,Pan-STARRS1,2,,MJD,
58669.3011517171,w,,,0.0529576,,20.1212,,Pan-STARRS1,2,,MJD,
58669.3125123656,w,,,0.0437979,,20.0253,,Pan-STARRS1,2,,MJD,
