time,band,bandset,e_fluxdensity,e_magnitude,fluxdensity,magnitude,system,telescope,source,u_fluxdensity,u_time,upperlimit
57610.2859954,r,,,0.01,,17.22,,PS1,6,,MJD,
57610.2860855125,r,,,0.00978551,,17.2184,,Pan-STARRS1,"1,5",,MJD,
57610.2988069975,r,,,0.0102476,,17.231,,Pan-STARRS1,"1,5",,MJD,
57610.3115018919,r,,,0.0103869,,17.235,,Pan-STARRS1,"1,5",,MJD,
57610.3241866245,r,,,0.00934195,,17.2237,,Pan-STARRS1,"1,5",,MJD,
57639.2482348024,r,,,0.0217853,,18.392,,Pan-STARRS1,"1,5",,MJD,
57639.2602690753,r,,,0.0214276,,18.3902,,Pan-STARRS1,"1,5",,MJD,
57639.272313971,r,,,0.0194116,,18.4019,,Pan-STARRS1,"1,5",,MJD,
57639.2843720675,r,,,0.0206026,,18.3988,,Pan-STARRS1,"1,5",,MJD,
