time,band,bandset,e_fluxdensity,e_magnitude,fluxdensity,magnitude,system,telescope,source,u_fluxdensity,u_time,upperlimit
58640.5,,,,,,18.3,,,"3,6",,MJD,
58642.4614909156,w,,,0.0184594,,18.9991,,Pan-STARRS1,"2,3",,MJD,
58642.4728880604,w,,,0.0184245,,19.0322,,Pan-STARRS1,"2,3",,MJD,
58642.4843212538,w,,,0.0217191,,19.0086,,Pan-STARRS1,"2,3",,MJD,
58642.495779669,w,,,0.0215434,,19.0255,,Pan-STARRS1,"2,3",,MJD,
58665.4401371968,w,,,0.0185826,,19.5978,,Pan-STARRS1,"2,3",,MJD,
58665.4552609096,w,,,0.044791,,19.5887,,Pan-STARRS1,"2,3",,MJD,
58665.4742201012,w,,,0.0533322,,19.6122,,Pan-STARRS1,"2,3",,MJD,
58665.4878105995,w,,,0.0387908,,19.6131,,Pan-STARRS1,"2,3",,MJD,
