time,band,bandset,e_fluxdensity,e_magnitude,fluxdensity,magnitude,system,telescope,source,u_fluxdensity,u_time,upperlimit
58632.4628597951,w,,,0.016811,,19.5785,,Pan-STARRS1,"1,2",,MJD,
58632.4768317752,w,,,0.0212747,,19.5902,,Pan-STARRS1,"1,2",,MJD,
58632.4908301473,w,,,0.0253857,,19.6122,,Pan-STARRS1,"1,2",,MJD,
58632.5048250071,w,,,0.0186608,,19.5786,,Pan-STARRS1,"1,2",,MJD,
58665.3956378846,w,,,0.0141588,,19.2674,,Pan-STARRS1,"1,2",,MJD,
58665.4084973394,w,,,0.0140301,,19.2713,,Pan-STARRS1,"1,2",,MJD,
58665.4214575035,w,,,0.0189886,,19.2621,,Pan-STARRS1,"1,2",,MJD,
58665.4343809698,w,,,0.016387,,19.2865,,Pan-STARRS1,"1,2",,MJD,
