time,band,bandset,e_fluxdensity,e_magnitude,fluxdensity,magnitude,system,telescope,source,u_fluxdensity,u_time,upperlimit
57495.2560329973,r,,,0.0114902,,15.6325,,Pan-STARRS1,"1,5",,MJD,
57495.2657210432,r,,,0.00727417,,15.6495,,Pan-STARRS1,"1,5",,MJD,
57495.2754065944,r,,,0.0056029,,15.6383,,Pan-STARRS1,"1,5",,MJD,
57495.2850962174,r,,,0.00524609,,15.6399,,Pan-STARRS1,"1,5",,MJD,
57504.2444534233,z,,,0.00945948,,15.8205,,Pan-STARRS1,"1,5",,MJD,
57529.246335717,z,,,0.0237203,,16.9646,,Pan-STARRS1,"1,5",,MJD,
57702.530225995,w,,,0.177631,,21.8901,,Pan-STARRS1,"1,5",,MJD,
57702.5653106626,w,,,0.185229,,21.8439,,Pan-STARRS1,"1,5",,MJD,
