time,band,bandset,e_fluxdensity,e_magnitude,fluxdensity,magnitude,system,telescope,source,u_fluxdensity,u_time,upperlimit
58636.5,,,,,,19.3,,,"3,4",,MJD,
58645.3140403065,i,,,0.0391703,,18.6897,,Pan-STARRS1,2,,MJD,
58645.3140403065,i,,,0.0377876,,18.7074,,Pan-STARRS1,2,,MJD,
58645.3203883247,i,,,0.0418738,,18.6805,,Pan-STARRS1,2,,MJD,
58645.3203883247,i,,,0.0413353,,18.762,,Pan-STARRS1,2,,MJD,
58645.327898577,i,,,0.0402516,,18.6992,,Pan-STARRS1,2,,MJD,
58645.327898577,i,,,0.0398538,,18.7406,,Pan-STARRS1,2,,MJD,
58645.3337714587,i,,,0.0401214,,18.6664,,Pan-STARRS1,2,,MJD,
58645.3337714587,i,,,0.0400084,,18.749,,Pan-STARRS1,2,,MJD,
