time,band,bandset,e_fluxdensity,e_magnitude,fluxdensity,magnitude,system,telescope,source,u_fluxdensity,u_time,upperlimit
58423.4629977,g,,,,,18.01,,P48,2,,MJD,
58423.5409954,r,,,,,18.21,,P48,2,,MJD,
58426.5068519,r,,,0.0620399,,18.2267,,P48,2,,MJD,
58429.4945718,g,,,0.0564475,,17.9854,,P48,2,,MJD,
58429.5258333,r,,,0.0571974,,18.1368,,P48,2,,MJD,
58432.4726273,g,,,0.0566266,,18.0719,,P48,2,,MJD,
58432.4928935,g,,,0.042142,,18.0246,,P48,2,,MJD,
58432.5342014,r,,,0.0555562,,18.1384,,P48,2,,MJD,
58432.5346644,r,,,0.0560771,,18.0597,,P48,2,,MJD,
