time,band,bandset,e_fluxdensity,e_magnitude,fluxdensity,magnitude,system,telescope,source,u_fluxdensity,u_time,upperlimit
57601.4139931,w,,,0.05,,20.39,,PS1,5,,MJD,
57601.4140538475,w,,,0.0546221,,20.3928,,Pan-STARRS1,"1,4",,MJD,
57601.4237771397,w,,,0.0472573,,20.4244,,Pan-STARRS1,"1,4",,MJD,
57601.433504126,w,,,0.0473451,,20.3999,,Pan-STARRS1,"1,4",,MJD,
57601.4432070254,w,,,0.0497779,,20.409,,Pan-STARRS1,"1,4",,MJD,
57608.46256246,w,,,0.0597355,,20.8176,,Pan-STARRS1,"1,4",,MJD,
57608.4732504435,w,,,0.0805376,,20.7438,,Pan-STARRS1,"1,4",,MJD,
57608.4839680324,w,,,0.065928,,20.8212,,Pan-STARRS1,"1,4",,MJD,
57608.4946970092,w,,,0.0801374,,20.6897,,Pan-STARRS1,"1,4",,MJD,
