time,band,bandset,e_fluxdensity,e_magnitude,fluxdensity,magnitude,system,telescope,source,u_fluxdensity,u_time,upperlimit
58647.5,,,,,,17.4,,,"3,4",,MJD,
58662.395835545,w,,,0.0337179,,19.3905,,Pan-STARRS1,2,,MJD,
58662.4079209282,w,,,0.0320617,,19.4117,,Pan-STARRS1,2,,MJD,
58662.4200123176,w,,,0.0245457,,19.4503,,Pan-STARRS1,2,,MJD,
58662.4320451966,w,,,0.0319991,,19.3472,,Pan-STARRS1,2,,MJD,
58670.3748082808,w,,,0.075745,,21.0095,,Pan-STARRS1,2,,MJD,
58670.3862310718,w,,,0.0850429,,21.0533,,Pan-STARRS1,2,,MJD,
58670.3976114771,w,,,0.106266,,20.8906,,Pan-STARRS1,2,,MJD,
58670.4089823207,w,,,0.146028,,20.8628,,Pan-STARRS1,2,,MJD,
