time,band,bandset,e_fluxdensity,e_magnitude,fluxdensity,magnitude,system,telescope,source,u_fluxdensity,u_time,upperlimit
57979.4348824302,i,,,0.0215777,,18.8847,,Pan-STARRS1,"3,4",,MJD,
57979.435,i,,,0.02,,18.88,,PS1,5,,MJD,
57979.4450619557,i,,,0.0248738,,18.9009,,Pan-STARRS1,"3,4",,MJD,
57979.4552227965,i,,,0.0298824,,18.8746,,Pan-STARRS1,"3,4",,MJD,
57979.46537977,i,,,0.0203774,,18.8494,,Pan-STARRS1,"3,4",,MJD,
58011.3704697291,w,,,0.0206755,,19.2645,,Pan-STARRS1,"3,4",,MJD,
58011.3794834088,w,,,0.0171454,,19.2714,,Pan-STARRS1,"3,4",,MJD,
58011.3884930405,w,,,0.0163494,,19.2814,,Pan-STARRS1,"3,4",,MJD,
58011.3975066235,w,,,0.0160134,,19.2266,,Pan-STARRS1,"3,4",,MJD,
